lote,responsable,video,frame,segundo,ruta,bytes,sha256
A_javier-saguar,Javier Saguar,ROBOMASTER_VIDEO_01,24,0.759000,A_javier-saguar/ROBOMASTER_VIDEO_01/images/frame_0024.jpg,169630,e1a00d1f16a25179acec635289356b062b5cb0776d4487b3ae1803a3b03d5251
A_javier-saguar,Javier Saguar,ROBOMASTER_VIDEO_01,48,1.551000,A_javier-saguar/ROBOMASTER_VIDEO_01/images/frame_0048.jpg,189285,a91d8a73b29862be0f2f927e8aacc8a75763c189b27a07c58f14a49ce1a5996c
A_javier-saguar,Javier Saguar,ROBOMASTER_VIDEO_01,72,2.343000,A_javier-saguar/ROBOMASTER_VIDEO_01/images/frame_0072.jpg,195417,9be3758a39e27802d1e2351f893963ca89b8fa69986249ecacd3afa418dcc51c
A_javier-saguar,Javier Saguar,ROBOMASTER_VIDEO_01,96,3.135000,A_javier-saguar/ROBOMASTER_VIDEO_01/images/frame_0096.jpg,172442,1eb91a5ac1e1cd33c4cd6d11aa48d388d6f54a83b6c298bd6026c25fcb4276d7
A_javier-saguar,Javier Saguar,ROBOMASTER_VIDEO_01,120,3.927000,A_javier-saguar/ROBOMASTER_VIDEO_01/images/frame_0120.jpg,209050,a9418aa4267567ff0e84429565fe4f59801dd65b693bf443df97fccd6684f68b
A_javier-saguar,Javier Saguar,ROBOMASTER_VIDEO_01,144,4.719000,A_javier-saguar/ROBOMASTER_VIDEO_01/images/frame_0144.jpg,175651,d5bb0b3e9e4fc9f0909cfc57a469d6c6adf2d0a4b279685688e1d7af11be853f
A_javier-saguar,Javier Saguar,ROBOMASTER_VIDEO_01,168,5.511000,A_javier-saguar/ROBOMASTER_VIDEO_01/images/frame_0168.jpg,206699,ca0904a9de0cae0f2ea668d2560138a14c6e07c00566e04bdbae0e39c06b3233
A_javier-saguar,Javier Saguar,ROBOMASTER_VIDEO_01,192,6.303000,A_javier-saguar/ROBOMASTER_VIDEO_01/images/frame_0192.jpg,163972,1c0fa67c9a5b76a591671c54bce46e4520953928513e069e5449bc4605f00983
A_javier-saguar,Javier Saguar,ROBOMASTER_VIDEO_01,216,7.095000,A_javier-saguar/ROBOMASTER_VIDEO_01/images/frame_0216.jpg,186978,1955988662d311de693381af7fe53a887111896b2524b70048900d703016a02c
A_javier-saguar,Javier Saguar,ROBOMASTER_VIDEO_01,240,7.887000,A_javier-saguar/ROBOMASTER_VIDEO_01/images/frame_0240.jpg,187112,1d6f8314fe90b231d98543dab683b297091f7d1f71baaa5ae624c3610a7123c8
A_javier-saguar,Javier Saguar,ROBOMASTER_VIDEO_01,264,8.679000,A_javier-saguar/ROBOMASTER_VIDEO_01/images/frame_0264.jpg,177157,72bd175968d256f2625b819bd65040a2c3deee8cfb62f082fba5384fb8eec88d
A_javier-saguar,Javier Saguar,ROBOMASTER_VIDEO_01,288,9.471000,A_javier-saguar/ROBOMASTER_VIDEO_01/images/frame_0288.jpg,183461,b35fe53be986e9b3972faa9702efa4975cbe9ca3abcc12952faf4c78e60f3a30
A_javier-saguar,Javier Saguar,ROBOMASTER_VIDEO_01,312,10.263000,A_javier-saguar/ROBOMASTER_VIDEO_01/images/frame_0312.jpg,179549,b559986f76237d7531744079361c398680785a3b76d89245d14dc75699765688
A_javier-saguar,Javier Saguar,ROBOMASTER_VIDEO_01,336,11.055000,A_javier-saguar/ROBOMASTER_VIDEO_01/images/frame_0336.jpg,182178,97620ece58103e3d731bb452a6d6363c46246cf27d9f2452a8fbe53b1a492ca7
A_javier-saguar,Javier Saguar,ROBOMASTER_VIDEO_01,360,11.847000,A_javier-saguar/ROBOMASTER_VIDEO_01/images/frame_0360.jpg,170050,f4a6dabd9cd0074f10b79daf315724775e5a8a818f5e87f2daf039e6aaf6c8a3
A_javier-saguar,Javier Saguar,ROBOMASTER_VIDEO_01,384,12.639000,A_javier-saguar/ROBOMASTER_VIDEO_01/images/frame_0384.jpg,167047,d9782a6f6f1babdefad264205518b2c268bb7511bdd0fa75a34da427c1da80a6
A_javier-saguar,Javier Saguar,ROBOMASTER_VIDEO_01,408,13.431000,A_javier-saguar/ROBOMASTER_VIDEO_01/images/frame_0408.jpg,212404,0ee90cf57f70a2ba370d9dcb13e101d93666421c201fa90c3636d3d471e7ae7a
A_javier-saguar,Javier Saguar,ROBOMASTER_VIDEO_01,432,14.223000,A_javier-saguar/ROBOMASTER_VIDEO_01/images/frame_0432.jpg,206469,f11d6251ae7241ccaabd8069058b116c6b7a4cff0d274f09966cae05bcb27de7
A_javier-saguar,Javier Saguar,ROBOMASTER_VIDEO_01,456,15.015000,A_javier-saguar/ROBOMASTER_VIDEO_01/images/frame_0456.jpg,189792,91636d687536699e6631093afad50c6d19ec5fdf1a17a64e61abdc679f2bc7b3
A_javier-saguar,Javier Saguar,ROBOMASTER_VIDEO_01,480,15.807000,A_javier-saguar/ROBOMASTER_VIDEO_01/images/frame_0480.jpg,210251,5d97a7acc4b51bac6a873504ced0590a5c9bfb3aed4657a2fb92d2a84c302361
A_javier-saguar,Javier Saguar,ROBOMASTER_VIDEO_01,504,16.599000,A_javier-saguar/ROBOMASTER_VIDEO_01/images/frame_0504.jpg,212111,de7a622c5c3b754415b31da945577f2a20ec6288347153212be72568bed6bb1e
A_javier-saguar,Javier Saguar,ROBOMASTER_VIDEO_01,528,17.391000,A_javier-saguar/ROBOMASTER_VIDEO_01/images/frame_0528.jpg,204994,3c1c2f2785ec18903793757695793b731d81e493c0b291fd3ee16030e333fbf1
A_javier-saguar,Javier Saguar,ROBOMASTER_VIDEO_01,552,18.183000,A_javier-saguar/ROBOMASTER_VIDEO_01/images/frame_0552.jpg,140061,74cd265df2295d0df415bf960073dc9c7abc84db3871370442b897843a25a412
A_javier-saguar,Javier Saguar,ROBOMASTER_VIDEO_01,576,18.975000,A_javier-saguar/ROBOMASTER_VIDEO_01/images/frame_0576.jpg,211616,47787e0ac3b526eea2a7681c37998f21f17c1a17ce476b2b2420aab63ceb66f9
A_javier-saguar,Javier Saguar,ROBOMASTER_VIDEO_01,600,19.767000,A_javier-saguar/ROBOMASTER_VIDEO_01/images/frame_0600.jpg,161603,7fbb26ae4ee57729370622c2ec1761bd9d470f9d4b53b339450e1ab460d34bfa
A_javier-saguar,Javier Saguar,ROBOMASTER_VIDEO_01,624,20.559000,A_javier-saguar/ROBOMASTER_VIDEO_01/images/frame_0624.jpg,184345,a215f714b7e77b47e6d780ed115712b990ed18a4f5c3a1a096d495ee0f9d7c6c
A_javier-saguar,Javier Saguar,ROBOMASTER_VIDEO_01,648,21.351000,A_javier-saguar/ROBOMASTER_VIDEO_01/images/frame_0648.jpg,196999,5dab2c9744d57d5d288ca197248fa4597ae6c503a32305e8ddd3e3d77a382bac
A_javier-saguar,Javier Saguar,ROBOMASTER_VIDEO_01,672,22.143000,A_javier-saguar/ROBOMASTER_VIDEO_01/images/frame_0672.jpg,151550,68c7681a1c1a10c6db6f546a66b70b85aa0cc8f59f2f8b74b4134469c80f6d66
A_javier-saguar,Javier Saguar,ROBOMASTER_VIDEO_01,696,22.935000,A_javier-saguar/ROBOMASTER_VIDEO_01/images/frame_0696.jpg,160590,86404c7e0ac0a8bc7c5fcf5714d2e494e95c8f1167f3995c87da18a39fa39b18
A_javier-saguar,Javier Saguar,ROBOMASTER_VIDEO_01,720,23.727000,A_javier-saguar/ROBOMASTER_VIDEO_01/images/frame_0720.jpg,197574,047a2db6448841f429cc5f771baa172d08d117d34d51b7dc591402cb50a4fce3
A_javier-saguar,Javier Saguar,ROBOMASTER_VIDEO_01,744,24.519000,A_javier-saguar/ROBOMASTER_VIDEO_01/images/frame_0744.jpg,154086,959c442e8a97b5a019f848dbdb6b38e084e38d0acecc79b5909a45c57b761039
A_javier-saguar,Javier Saguar,ROBOMASTER_VIDEO_01,768,25.311000,A_javier-saguar/ROBOMASTER_VIDEO_01/images/frame_0768.jpg,192384,bbc4ab44290a960dd049790021414c0fb42382055cdfc7400478e023287c428f
A_javier-saguar,Javier Saguar,ROBOMASTER_VIDEO_01,792,26.103000,A_javier-saguar/ROBOMASTER_VIDEO_01/images/frame_0792.jpg,183116,30c24ab5ddd19dfef98f29e70e4cbbf710e1836494410724e5300e55f59bba4a
A_javier-saguar,Javier Saguar,ROBOMASTER_VIDEO_01,816,26.895000,A_javier-saguar/ROBOMASTER_VIDEO_01/images/frame_0816.jpg,192278,3e3fb841e1c7b568b698d25c829902f969b2c875982a201435207573f89408a4
A_javier-saguar,Javier Saguar,ROBOMASTER_VIDEO_01,840,27.687000,A_javier-saguar/ROBOMASTER_VIDEO_01/images/frame_0840.jpg,146102,46d82dfcd8d60e939a30aeb065497bbd4f79742996cd1baf344d9b4a84687726
A_javier-saguar,Javier Saguar,ROBOMASTER_VIDEO_01,864,28.479000,A_javier-saguar/ROBOMASTER_VIDEO_01/images/frame_0864.jpg,147994,ef3d9e7278c9848d36a005377ddc065247f1ebc9bb2431f74209f6ded28110b1
A_javier-saguar,Javier Saguar,ROBOMASTER_VIDEO_01,888,29.271000,A_javier-saguar/ROBOMASTER_VIDEO_01/images/frame_0888.jpg,191044,c0159ee3fd37a5021f5f9725511c9ad407da5fef4fb1bc1a83e11e5681bef9b5
A_javier-saguar,Javier Saguar,ROBOMASTER_VIDEO_01,912,30.063000,A_javier-saguar/ROBOMASTER_VIDEO_01/images/frame_0912.jpg,182748,5f20304f96c8fbe03b6c9aeb1614046b591060b2fd5e8f73a60184eaaa9efe95
A_javier-saguar,Javier Saguar,ROBOMASTER_VIDEO_01,936,30.855000,A_javier-saguar/ROBOMASTER_VIDEO_01/images/frame_0936.jpg,199253,79cbe4398f995f1a3890c16a0fa62dfff5a2c1c1c3b284fe5dccd30bdbdf91d4
A_javier-saguar,Javier Saguar,ROBOMASTER_VIDEO_01,960,31.647000,A_javier-saguar/ROBOMASTER_VIDEO_01/images/frame_0960.jpg,167085,4f163dfdda326170f6d94baa4550bedfbd16829bfdfffd484b42a7c7dd358e85
A_javier-saguar,Javier Saguar,ROBOMASTER_VIDEO_01,984,32.439000,A_javier-saguar/ROBOMASTER_VIDEO_01/images/frame_0984.jpg,154301,15527e57ca5b092510c6a7e98de670af6e18f012e06f5b487346321d5f44f8af
A_javier-saguar,Javier Saguar,ROBOMASTER_VIDEO_01,1008,33.231000,A_javier-saguar/ROBOMASTER_VIDEO_01/images/frame_1008.jpg,179176,21c15692c7468c0effe8411e23cb5fee6e52e1482fcb22a5dadf525525fa441c
A_javier-saguar,Javier Saguar,ROBOMASTER_VIDEO_01,1032,34.023000,A_javier-saguar/ROBOMASTER_VIDEO_01/images/frame_1032.jpg,173044,7a78e6a47f597779a31f7d997187bd9168c49c0f8b342ca75e852a82453bb4ef
A_javier-saguar,Javier Saguar,ROBOMASTER_VIDEO_01,1056,34.815000,A_javier-saguar/ROBOMASTER_VIDEO_01/images/frame_1056.jpg,185038,cac1befc8ccdae48c4a4b0126b5665527cd5b6796160ac6b1dba1e439ec4b8cc
A_javier-saguar,Javier Saguar,ROBOMASTER_VIDEO_01,1080,35.607000,A_javier-saguar/ROBOMASTER_VIDEO_01/images/frame_1080.jpg,206348,bd1519b11b7ed374c78745ca8e7ad920e914dfbe81055fa9a1b0d9eff123c4ca
A_javier-saguar,Javier Saguar,ROBOMASTER_VIDEO_01,1104,36.399000,A_javier-saguar/ROBOMASTER_VIDEO_01/images/frame_1104.jpg,203494,2253a70aa13c7accf64d25a57a2dc8fa3f026b22ade3f51354043bbfabc85fee
A_javier-saguar,Javier Saguar,ROBOMASTER_VIDEO_01,1128,37.191000,A_javier-saguar/ROBOMASTER_VIDEO_01/images/frame_1128.jpg,206876,22ea2b6a4369469aec0794b27b85aff9c94f9e04d03c284c375a19be792cf1db
A_javier-saguar,Javier Saguar,ROBOMASTER_VIDEO_01,1152,37.983000,A_javier-saguar/ROBOMASTER_VIDEO_01/images/frame_1152.jpg,165234,09e55b5d3e04865f7127481a5d20300545fd63ad992e1ee14115731cf932507e
A_javier-saguar,Javier Saguar,ROBOMASTER_VIDEO_01,1176,38.775000,A_javier-saguar/ROBOMASTER_VIDEO_01/images/frame_1176.jpg,197271,09f3a5cd26f014860943e0dc7bbfac0772c0d7f86f20a492435ff1e8d53ad48e
A_javier-saguar,Javier Saguar,ROBOMASTER_VIDEO_01,1200,39.567000,A_javier-saguar/ROBOMASTER_VIDEO_01/images/frame_1200.jpg,166113,3d3beaf608abc3e8f103c9f7001f0e7d2afbdec1fc6ac24520f512f273ea8904
A_javier-saguar,Javier Saguar,ROBOMASTER_VIDEO_01,1224,40.359000,A_javier-saguar/ROBOMASTER_VIDEO_01/images/frame_1224.jpg,168787,bf35be6085577bc559c7981c4434155091ec4cdb547370eb934bf43f6e6ae177
A_javier-saguar,Javier Saguar,ROBOMASTER_VIDEO_01,1248,41.151000,A_javier-saguar/ROBOMASTER_VIDEO_01/images/frame_1248.jpg,160942,320de90ce921132a435285b91f6e029a69ae770566ee8feb55c2949088cf1180
A_javier-saguar,Javier Saguar,ROBOMASTER_VIDEO_01,1272,41.943000,A_javier-saguar/ROBOMASTER_VIDEO_01/images/frame_1272.jpg,175790,7e8295013b8075fae8813800a35dc94b792ad6fb43dd3f9843bb501e22a4030e
A_javier-saguar,Javier Saguar,ROBOMASTER_VIDEO_01,1296,42.735000,A_javier-saguar/ROBOMASTER_VIDEO_01/images/frame_1296.jpg,133578,2ea1652aaf3040fbbe9348cf5cc86211f46451d5e17ce19f7352c09faf04f76e
A_javier-saguar,Javier Saguar,ROBOMASTER_VIDEO_01,1320,43.527000,A_javier-saguar/ROBOMASTER_VIDEO_01/images/frame_1320.jpg,172720,320d5a424fe11b2662a7b2c714ce027aacc8539c19304e81073365329750c54e
A_javier-saguar,Javier Saguar,ROBOMASTER_VIDEO_01,1344,44.319000,A_javier-saguar/ROBOMASTER_VIDEO_01/images/frame_1344.jpg,213255,76db7ce6b4d656f3483a6ae039827f144498b2429560637796e031de8d18d204
A_javier-saguar,Javier Saguar,ROBOMASTER_VIDEO_01,1368,45.111000,A_javier-saguar/ROBOMASTER_VIDEO_01/images/frame_1368.jpg,164856,26305e3a854609c565a764fd06d497b855c505d4b40b7f5d12f255441574fa94
A_javier-saguar,Javier Saguar,ROBOMASTER_VIDEO_01,1392,45.903000,A_javier-saguar/ROBOMASTER_VIDEO_01/images/frame_1392.jpg,163622,30d918543a6a8b4bc132362c40e86610be005c7c99d67585637ccdfd414fbaff
A_javier-saguar,Javier Saguar,ROBOMASTER_VIDEO_01,1416,46.695000,A_javier-saguar/ROBOMASTER_VIDEO_01/images/frame_1416.jpg,176827,44b1df3eb4e4fb58007ced421d9d365f0f7086e34162d11cc9f99c1ce645b0e8
A_javier-saguar,Javier Saguar,ROBOMASTER_VIDEO_01,1440,47.487000,A_javier-saguar/ROBOMASTER_VIDEO_01/images/frame_1440.jpg,178196,09b40a0f0704832d56aca104a27ca6347827409aadb84a55fa402490f695b8c7
A_javier-saguar,Javier Saguar,ROBOMASTER_VIDEO_01,1464,48.279000,A_javier-saguar/ROBOMASTER_VIDEO_01/images/frame_1464.jpg,165427,bac53b8266e1ae8d612b1ff3756a0cb29cadd14bf17a38df2cc1e9744de864d5
A_javier-saguar,Javier Saguar,ROBOMASTER_VIDEO_01,1488,49.071000,A_javier-saguar/ROBOMASTER_VIDEO_01/images/frame_1488.jpg,184336,92bbfe9822b6c3be5d9cf1a78b059fa300d81e5ad8ca897aa73227d0707272e0
A_javier-saguar,Javier Saguar,ROBOMASTER_VIDEO_01,1512,49.863000,A_javier-saguar/ROBOMASTER_VIDEO_01/images/frame_1512.jpg,185867,de99acf9ce1b9944fc9fddad8bb380e9a89faf36f0f90967f1092fa13bb4cb2d
A_javier-saguar,Javier Saguar,ROBOMASTER_VIDEO_01,1536,50.655000,A_javier-saguar/ROBOMASTER_VIDEO_01/images/frame_1536.jpg,186222,e64ae93c31dd827f6bde3f724013a60f6c02bdcbf840ddd1e210f1f28478a15b
A_javier-saguar,Javier Saguar,ROBOMASTER_VIDEO_01,1560,51.447000,A_javier-saguar/ROBOMASTER_VIDEO_01/images/frame_1560.jpg,153211,1fdf3899f05c6857a2c19d7c6f74049d8d7c1188df471a5840796735626c0b64
A_javier-saguar,Javier Saguar,ROBOMASTER_VIDEO_01,1584,52.239000,A_javier-saguar/ROBOMASTER_VIDEO_01/images/frame_1584.jpg,164221,bef696424dc0323755855e111d232816470e2a599e807cd726392bcf4e5b48a6
A_javier-saguar,Javier Saguar,ROBOMASTER_VIDEO_01,1608,53.031000,A_javier-saguar/ROBOMASTER_VIDEO_01/images/frame_1608.jpg,202652,fe2a0f5516f4379412b8ed8e1b822f846f16089e8ad8525b9874b49b772af2eb
A_javier-saguar,Javier Saguar,ROBOMASTER_VIDEO_01,1632,53.823000,A_javier-saguar/ROBOMASTER_VIDEO_01/images/frame_1632.jpg,153905,f82a1e12cee257c8ba2826226d190817d17499a4b9d6b3cb9b3d892a5f418d27
A_javier-saguar,Javier Saguar,ROBOMASTER_VIDEO_01,1656,54.615000,A_javier-saguar/ROBOMASTER_VIDEO_01/images/frame_1656.jpg,162354,3a50c7b98a563d6f2e9a5a87e28ec9d8f2c30e2dc61020ac1cb4056e9993b23c
A_javier-saguar,Javier Saguar,ROBOMASTER_VIDEO_01,1680,55.407000,A_javier-saguar/ROBOMASTER_VIDEO_01/images/frame_1680.jpg,222718,02a06fc80672bc32ebb082eafeed01c6233bde32a424f359c80d20c77ebf6712
A_javier-saguar,Javier Saguar,ROBOMASTER_VIDEO_01,1704,56.199000,A_javier-saguar/ROBOMASTER_VIDEO_01/images/frame_1704.jpg,122625,801844c743705929f64fdbc7eb8aebee17fd89eef354e4eaa21f4d7171e3a597
A_javier-saguar,Javier Saguar,ROBOMASTER_VIDEO_01,1728,56.991000,A_javier-saguar/ROBOMASTER_VIDEO_01/images/frame_1728.jpg,118405,d910d19dfb40120f5bfc34d88acc16ab5fd3edfacfd935738dd9e9c2f7bb2d45
A_javier-saguar,Javier Saguar,ROBOMASTER_VIDEO_01,1752,57.783000,A_javier-saguar/ROBOMASTER_VIDEO_01/images/frame_1752.jpg,198075,cff81bfce02546b00f0b77e40c3da5d12f2b22f74007dc980fc8ac1da3b5bfea
A_javier-saguar,Javier Saguar,ROBOMASTER_VIDEO_01,1776,58.575000,A_javier-saguar/ROBOMASTER_VIDEO_01/images/frame_1776.jpg,199587,fe4b2d371f2835d6fa139d50d16a33f6e97aef4e14c784ceb182cbe7c78cce41
A_javier-saguar,Javier Saguar,ROBOMASTER_VIDEO_01,1800,59.367000,A_javier-saguar/ROBOMASTER_VIDEO_01/images/frame_1800.jpg,184663,9a9a1a5923e7a50d510e6bb08ab7e2710ecc20376eb6d4341c64813459e1c168
A_javier-saguar,Javier Saguar,ROBOMASTER_VIDEO_01,1824,60.159000,A_javier-saguar/ROBOMASTER_VIDEO_01/images/frame_1824.jpg,173475,4af906ca2edda90f41ec9660c4e00b3bbefe9857898466dc6c27cfbaead303b1
A_javier-saguar,Javier Saguar,ROBOMASTER_VIDEO_01,1848,60.951000,A_javier-saguar/ROBOMASTER_VIDEO_01/images/frame_1848.jpg,157810,66d1e602c70b41ac11cbe8ba63614824913d00bc3254bc2469ff5e7b5bad6e7c
A_javier-saguar,Javier Saguar,ROBOMASTER_VIDEO_01,1872,61.743000,A_javier-saguar/ROBOMASTER_VIDEO_01/images/frame_1872.jpg,205051,5e8a1c6737395c132c80e6de3ce3404c889a8f36a872bcf2f492c4ef607826c2
A_javier-saguar,Javier Saguar,ROBOMASTER_VIDEO_01,1896,62.535000,A_javier-saguar/ROBOMASTER_VIDEO_01/images/frame_1896.jpg,160413,7310ed9fa2abe7d016780e7e2ebc0de42306989b5aaf22596d6b4be485f4f459
A_javier-saguar,Javier Saguar,ROBOMASTER_VIDEO_01,1920,63.327000,A_javier-saguar/ROBOMASTER_VIDEO_01/images/frame_1920.jpg,204179,7701a9f86cbbc9210ba50151440bd93a96319a8bbf018e1b510e7c6705216587
A_javier-saguar,Javier Saguar,ROBOMASTER_VIDEO_01,1944,64.119000,A_javier-saguar/ROBOMASTER_VIDEO_01/images/frame_1944.jpg,236753,82146727946e9a9d042a204d3156d72bf98fb48418c80951d019905c2fd3eed1
A_javier-saguar,Javier Saguar,ROBOMASTER_VIDEO_01,1968,64.911000,A_javier-saguar/ROBOMASTER_VIDEO_01/images/frame_1968.jpg,268602,624845e114a34a2e497496ef973c77bf83d7fe516c166c0d8d8628b8c8292bfe
A_javier-saguar,Javier Saguar,ROBOMASTER_VIDEO_02,24,0.759000,A_javier-saguar/ROBOMASTER_VIDEO_02/images/frame_0024.jpg,134891,ae6109a2d39d477b33e636ab34e3f527d5986447fe2aba09b4406f2c3e192c2d
A_javier-saguar,Javier Saguar,ROBOMASTER_VIDEO_02,48,1.551000,A_javier-saguar/ROBOMASTER_VIDEO_02/images/frame_0048.jpg,125903,f60cbb934657696f82ab820955ac23058bb011e319a7a8b61711919ff55a94b7
A_javier-saguar,Javier Saguar,ROBOMASTER_VIDEO_02,72,2.343000,A_javier-saguar/ROBOMASTER_VIDEO_02/images/frame_0072.jpg,105931,c5fd00d0413acde51f1540139c027a0792841d9a49d3d7cc8df03d3274221f56
A_javier-saguar,Javier Saguar,ROBOMASTER_VIDEO_02,96,3.135000,A_javier-saguar/ROBOMASTER_VIDEO_02/images/frame_0096.jpg,111735,0cb01183884b430753d2a49a0744fb815551ff82e4a962f735035e3e4ce88709
A_javier-saguar,Javier Saguar,ROBOMASTER_VIDEO_02,120,3.927000,A_javier-saguar/ROBOMASTER_VIDEO_02/images/frame_0120.jpg,142702,02216bcc7c25083348c85298075d4fb81596ae08398e2c6b0ecfef730ff03c6a
A_javier-saguar,Javier Saguar,ROBOMASTER_VIDEO_02,144,4.719000,A_javier-saguar/ROBOMASTER_VIDEO_02/images/frame_0144.jpg,134223,58b47b3952da142bc6a991421e44491a76807ed07c710e0c1083f68ff074f1e8
A_javier-saguar,Javier Saguar,ROBOMASTER_VIDEO_02,168,5.511000,A_javier-saguar/ROBOMASTER_VIDEO_02/images/frame_0168.jpg,110488,a7ebb2a4a69674c2d5515f9df7d8c5ee0abd974bd3af593ae3658b70c757f33d
A_javier-saguar,Javier Saguar,ROBOMASTER_VIDEO_02,192,6.303000,A_javier-saguar/ROBOMASTER_VIDEO_02/images/frame_0192.jpg,127432,26557b121547cce106c38a142a7b4745bee05ab9f4f189065808761a38bb090f
A_javier-saguar,Javier Saguar,ROBOMASTER_VIDEO_02,216,7.095000,A_javier-saguar/ROBOMASTER_VIDEO_02/images/frame_0216.jpg,136263,f1324a03df409c7b972fa12b82c678c59607a6c06626f6bf95729503d2a8cc0f
A_javier-saguar,Javier Saguar,ROBOMASTER_VIDEO_02,240,7.887000,A_javier-saguar/ROBOMASTER_VIDEO_02/images/frame_0240.jpg,128681,4c6fcd4b12fef47a639d002656852b7ec032dc56058f3764cd3b42f22397286c
A_javier-saguar,Javier Saguar,ROBOMASTER_VIDEO_02,264,8.679000,A_javier-saguar/ROBOMASTER_VIDEO_02/images/frame_0264.jpg,130289,25fcedbc7e46d856124e8b401cf25c8f9cd289810af6f3ff33750eadfe545b57
A_javier-saguar,Javier Saguar,ROBOMASTER_VIDEO_02,288,9.471000,A_javier-saguar/ROBOMASTER_VIDEO_02/images/frame_0288.jpg,127674,194ee4b12cfa105c5ab9526611b2156abf69ebdd7c93b15ebeeb14329f7295fe
A_javier-saguar,Javier Saguar,ROBOMASTER_VIDEO_02,312,10.263000,A_javier-saguar/ROBOMASTER_VIDEO_02/images/frame_0312.jpg,103150,94b9455f483d7adc3c4faa978f0aa4992f3a08142b192b4d278f9032a4d9a8db
A_javier-saguar,Javier Saguar,ROBOMASTER_VIDEO_02,336,11.055000,A_javier-saguar/ROBOMASTER_VIDEO_02/images/frame_0336.jpg,122729,ee827478ccb6d99e16a892029cb99e2a7336e1c0d8e6f7f9d32a91563cff4f48
A_javier-saguar,Javier Saguar,ROBOMASTER_VIDEO_02,360,11.847000,A_javier-saguar/ROBOMASTER_VIDEO_02/images/frame_0360.jpg,123019,21bfd1accb91fd284893bc8a758f1c0e6ab0d1f5a27b3e9f326b803af91deb8c
A_javier-saguar,Javier Saguar,ROBOMASTER_VIDEO_02,384,12.639000,A_javier-saguar/ROBOMASTER_VIDEO_02/images/frame_0384.jpg,121146,fd85828f23b3f5b1e0eb3bd833e8a3e53c5c35d964ad53bbe03a8b38a050259b
A_javier-saguar,Javier Saguar,ROBOMASTER_VIDEO_02,408,13.431000,A_javier-saguar/ROBOMASTER_VIDEO_02/images/frame_0408.jpg,109835,1e01c0871c1adf18a13594b6a11e240d175c2e78652f08c32151fb70d2d88238
A_javier-saguar,Javier Saguar,ROBOMASTER_VIDEO_02,432,14.223000,A_javier-saguar/ROBOMASTER_VIDEO_02/images/frame_0432.jpg,130549,eb983ded56622c673c94600fc31ce9fd70994096e194c50198aea5a593a0fc2e
A_javier-saguar,Javier Saguar,ROBOMASTER_VIDEO_02,456,15.015000,A_javier-saguar/ROBOMASTER_VIDEO_02/images/frame_0456.jpg,129646,021c4b923e71844b31ec6e2f70aef2ecde0b244dc3dd3ef0038952a9484da1d2
A_javier-saguar,Javier Saguar,ROBOMASTER_VIDEO_02,480,15.807000,A_javier-saguar/ROBOMASTER_VIDEO_02/images/frame_0480.jpg,147931,53e5ebc11bd43be8fb3da2ae0f577dbcca81f73143b6f05dffbdb076223565f5
A_javier-saguar,Javier Saguar,ROBOMASTER_VIDEO_02,504,16.599000,A_javier-saguar/ROBOMASTER_VIDEO_02/images/frame_0504.jpg,135267,7ce622ebc91feee87395c1d27f0f1793fcc9904d5f3b0f9e1f518efb0578bd97
A_javier-saguar,Javier Saguar,ROBOMASTER_VIDEO_02,528,17.391000,A_javier-saguar/ROBOMASTER_VIDEO_02/images/frame_0528.jpg,142229,0c95989fb22ec154e46c8d747f023da9c186eb3094a6b1081e98f52d080e251b
A_javier-saguar,Javier Saguar,ROBOMASTER_VIDEO_02,552,18.183000,A_javier-saguar/ROBOMASTER_VIDEO_02/images/frame_0552.jpg,150587,cbae51ca94e46df3695c0926ae04b0d59043d893f68c3379a13668eea70eb25f
A_javier-saguar,Javier Saguar,ROBOMASTER_VIDEO_02,576,18.975000,A_javier-saguar/ROBOMASTER_VIDEO_02/images/frame_0576.jpg,119767,d24491db71de7cbadccdea7c4027a067e24c2f9bae73861b24d06ee6ae36f8a4
A_javier-saguar,Javier Saguar,ROBOMASTER_VIDEO_02,600,19.767000,A_javier-saguar/ROBOMASTER_VIDEO_02/images/frame_0600.jpg,122159,bc6474fd92b68bbc1688544cc8592229e35d15b8046243cc1fe7365f672a042c
A_javier-saguar,Javier Saguar,ROBOMASTER_VIDEO_02,624,20.559000,A_javier-saguar/ROBOMASTER_VIDEO_02/images/frame_0624.jpg,141223,24b7c458f50cdec9bd90bc1a3c29c6a296fbbe06e83f8774d38b43fb94d7ec08
A_javier-saguar,Javier Saguar,ROBOMASTER_VIDEO_02,648,21.351000,A_javier-saguar/ROBOMASTER_VIDEO_02/images/frame_0648.jpg,143303,f03dfd25af72457be59340e4540d7f230b6c39cf956c428e8e637b6e38381bcc
A_javier-saguar,Javier Saguar,ROBOMASTER_VIDEO_02,672,22.143000,A_javier-saguar/ROBOMASTER_VIDEO_02/images/frame_0672.jpg,144874,e0b32dc39fe481c1ef9da0f4319544f31c3ba70f8c28c09dd9645b1ca29d7475
A_javier-saguar,Javier Saguar,ROBOMASTER_VIDEO_02,696,22.935000,A_javier-saguar/ROBOMASTER_VIDEO_02/images/frame_0696.jpg,126547,ef07c0b9b6e08cfa5e3abdb1fcf3c85cdc792bddec70f616eab818f54ddc74ac
A_javier-saguar,Javier Saguar,ROBOMASTER_VIDEO_02,720,23.727000,A_javier-saguar/ROBOMASTER_VIDEO_02/images/frame_0720.jpg,110296,58519385be8bbe4f173bef16a5c82687704f1a1c9846886a179b1fd25e9fa76e
A_javier-saguar,Javier Saguar,ROBOMASTER_VIDEO_02,744,24.519000,A_javier-saguar/ROBOMASTER_VIDEO_02/images/frame_0744.jpg,90987,58078f2e3edf194a2a0af0219d1cc365db4316131117614ae52f5233ea21bc93
A_javier-saguar,Javier Saguar,ROBOMASTER_VIDEO_02,768,25.311000,A_javier-saguar/ROBOMASTER_VIDEO_02/images/frame_0768.jpg,105581,6010d40044bf18f94d1646c018c78f95f09dab14f79143bef40c672776466401
A_javier-saguar,Javier Saguar,ROBOMASTER_VIDEO_02,792,26.103000,A_javier-saguar/ROBOMASTER_VIDEO_02/images/frame_0792.jpg,118766,92d0912faae85c589260e59b1e0ffa35f1828fba7edaf2ff2499024a75edd5f8
A_javier-saguar,Javier Saguar,ROBOMASTER_VIDEO_02,816,26.895000,A_javier-saguar/ROBOMASTER_VIDEO_02/images/frame_0816.jpg,119593,9f61bc7ab11114968763ba3b7098181e959a09943c0d47de6672fc16bcd564a8
A_javier-saguar,Javier Saguar,ROBOMASTER_VIDEO_02,840,27.687000,A_javier-saguar/ROBOMASTER_VIDEO_02/images/frame_0840.jpg,108179,0c9c00a1eec928e8793f6b5f4ba05dcadfeb48e78f1cc8d868783c6cbdd8a3b6
A_javier-saguar,Javier Saguar,ROBOMASTER_VIDEO_02,864,28.479000,A_javier-saguar/ROBOMASTER_VIDEO_02/images/frame_0864.jpg,125986,a2796c61209d5816661be7a9cf297823354591132335f27c8f969bbd3304f6be
A_javier-saguar,Javier Saguar,ROBOMASTER_VIDEO_02,888,29.271000,A_javier-saguar/ROBOMASTER_VIDEO_02/images/frame_0888.jpg,73587,d9a4bb65cc531a5c6d9e44079f6fc5329d723522e4cd427e6c260284b9b58b9d
A_javier-saguar,Javier Saguar,ROBOMASTER_VIDEO_02,912,30.063000,A_javier-saguar/ROBOMASTER_VIDEO_02/images/frame_0912.jpg,104051,844897bd03b98724d8775036b84cc36ac19d1c605e37aa952a7e8748a3ff056d
A_javier-saguar,Javier Saguar,ROBOMASTER_VIDEO_02,936,30.855000,A_javier-saguar/ROBOMASTER_VIDEO_02/images/frame_0936.jpg,106378,21e52bb0375dd97c6c9a1802d08923f924326b5a9ccd62cbf5b71797e87bad43
A_javier-saguar,Javier Saguar,ROBOMASTER_VIDEO_02,960,31.647000,A_javier-saguar/ROBOMASTER_VIDEO_02/images/frame_0960.jpg,112423,bedff51717874c82aba38702180804bebf2e84dfad59517bf6aa46592fdb3023
A_javier-saguar,Javier Saguar,ROBOMASTER_VIDEO_02,984,32.439000,A_javier-saguar/ROBOMASTER_VIDEO_02/images/frame_0984.jpg,134626,a59a9c9b88d0267a2c5a1500c9dc407b17c6bfb02ca3acb641193a35c8ba28d7
A_javier-saguar,Javier Saguar,ROBOMASTER_VIDEO_02,1008,33.231000,A_javier-saguar/ROBOMASTER_VIDEO_02/images/frame_1008.jpg,166425,3899cc695b3b3d9e9067e47a59d5e8d6e167ed0deceacd196319f7d26629eefb
A_javier-saguar,Javier Saguar,ROBOMASTER_VIDEO_02,1032,34.023000,A_javier-saguar/ROBOMASTER_VIDEO_02/images/frame_1032.jpg,135435,d0e6477a07d4f4272d75665eda8bf461596eb859d7a6f77414492dc83dc36dd9
A_javier-saguar,Javier Saguar,ROBOMASTER_VIDEO_02,1056,34.815000,A_javier-saguar/ROBOMASTER_VIDEO_02/images/frame_1056.jpg,135692,fd3f4b5db9b48e68dd0dc24713d656dd08f77cba0bf4707c909625bff8c3a8b0
A_javier-saguar,Javier Saguar,ROBOMASTER_VIDEO_02,1080,35.607000,A_javier-saguar/ROBOMASTER_VIDEO_02/images/frame_1080.jpg,121423,8415ff6905a2ef42ea07eaa2640d5821ba6816aa29bd6ff0b69ea0295995da2c
A_javier-saguar,Javier Saguar,ROBOMASTER_VIDEO_02,1104,36.399000,A_javier-saguar/ROBOMASTER_VIDEO_02/images/frame_1104.jpg,151163,5b6a3d1ebc199057d9cddc96c4c34ccaf4700f7022165be546e5599472d72bdd
A_javier-saguar,Javier Saguar,ROBOMASTER_VIDEO_02,1128,37.191000,A_javier-saguar/ROBOMASTER_VIDEO_02/images/frame_1128.jpg,127669,09728c0aa95c766a8837cd46acfb290b3061ce4edc75f87fdee452f0cf5aa3eb
A_javier-saguar,Javier Saguar,ROBOMASTER_VIDEO_02,1152,37.983000,A_javier-saguar/ROBOMASTER_VIDEO_02/images/frame_1152.jpg,142330,7d687f72eb421f57ee2ebce43bc37fb768583871e53a3d69e07c26da870d63b4
A_javier-saguar,Javier Saguar,ROBOMASTER_VIDEO_02,1176,38.775000,A_javier-saguar/ROBOMASTER_VIDEO_02/images/frame_1176.jpg,130489,583e1c0e879c9b3b506b1df0d663214ef581606243f0b04edf31d692b6bfff56
A_javier-saguar,Javier Saguar,ROBOMASTER_VIDEO_02,1200,39.567000,A_javier-saguar/ROBOMASTER_VIDEO_02/images/frame_1200.jpg,149217,5709b6debf3d471f34ce8ef382753feef5361b77c553fbf9035152c293780107
A_javier-saguar,Javier Saguar,ROBOMASTER_VIDEO_02,1224,40.359000,A_javier-saguar/ROBOMASTER_VIDEO_02/images/frame_1224.jpg,102870,a4675bdc217f99f0c371a531607bf9e3d908f116a1ca7acc7eed900138824496
A_javier-saguar,Javier Saguar,ROBOMASTER_VIDEO_02,1248,41.151000,A_javier-saguar/ROBOMASTER_VIDEO_02/images/frame_1248.jpg,82599,e05f3ef4742838561b71dfb87cb032c5c3fd3fbbd67fb683d4a736e63f1793c4
A_javier-saguar,Javier Saguar,ROBOMASTER_VIDEO_02,1272,41.943000,A_javier-saguar/ROBOMASTER_VIDEO_02/images/frame_1272.jpg,138957,299f9ae208e5143a174791159de7325827eadf9a8aad2bfe30f8dc1c04d847b3
A_javier-saguar,Javier Saguar,ROBOMASTER_VIDEO_02,1296,42.735000,A_javier-saguar/ROBOMASTER_VIDEO_02/images/frame_1296.jpg,140152,df0868e31b7c00c397e4b2f4392e43314fa1196e804a041edca744346682641d
A_javier-saguar,Javier Saguar,ROBOMASTER_VIDEO_02,1320,43.527000,A_javier-saguar/ROBOMASTER_VIDEO_02/images/frame_1320.jpg,149683,1f1c116803f904c634e8f851f47466c77f0dbf9c6cacdf0b94aed6584056bb8d
A_javier-saguar,Javier Saguar,ROBOMASTER_VIDEO_02,1344,44.319000,A_javier-saguar/ROBOMASTER_VIDEO_02/images/frame_1344.jpg,103772,8dc8b1cafe3d64efedcb262a9b944caf06be1e68d8789234d98e35069819ca05
A_javier-saguar,Javier Saguar,ROBOMASTER_VIDEO_02,1368,45.111000,A_javier-saguar/ROBOMASTER_VIDEO_02/images/frame_1368.jpg,141859,3dd8045be6d41c7e854c2bb499b42515557a46f523f1bef632b3783292f2a1c2
A_javier-saguar,Javier Saguar,ROBOMASTER_VIDEO_02,1392,45.903000,A_javier-saguar/ROBOMASTER_VIDEO_02/images/frame_1392.jpg,131644,abec03d785590da700887fc1996daa5300ea7b474a8ced1615164ef944f20bc3
A_javier-saguar,Javier Saguar,ROBOMASTER_VIDEO_02,1416,46.695000,A_javier-saguar/ROBOMASTER_VIDEO_02/images/frame_1416.jpg,121821,a1482195854364b8851f4a3860cc912371f5a837e1c3838a8de9852fd12d9d5c
A_javier-saguar,Javier Saguar,ROBOMASTER_VIDEO_02,1440,47.487000,A_javier-saguar/ROBOMASTER_VIDEO_02/images/frame_1440.jpg,135612,e70eac1c055f642fe10f6a8dfa69d27f75f98eaf398d3ec68e0c6a39d302cfe7
A_javier-saguar,Javier Saguar,ROBOMASTER_VIDEO_02,1464,48.279000,A_javier-saguar/ROBOMASTER_VIDEO_02/images/frame_1464.jpg,127615,d05bf4b7ab75758b0b94b2be13a439b9fb46470066c30e86143a32ec071bf5a2
A_javier-saguar,Javier Saguar,ROBOMASTER_VIDEO_02,1488,49.071000,A_javier-saguar/ROBOMASTER_VIDEO_02/images/frame_1488.jpg,142273,2e61300abc188d2f5950804d264dab13b57ed1141c2fdfb6f2fe9afb114e0562
A_javier-saguar,Javier Saguar,ROBOMASTER_VIDEO_02,1512,49.863000,A_javier-saguar/ROBOMASTER_VIDEO_02/images/frame_1512.jpg,136909,24e248f1a19f50db5975c4e2bf4c1eef494f98ec44a1e62b2c3a451eed6b37e9
A_javier-saguar,Javier Saguar,ROBOMASTER_VIDEO_02,1536,50.655000,A_javier-saguar/ROBOMASTER_VIDEO_02/images/frame_1536.jpg,129997,7fb745ffd7ee0dd5cee2bb254f8d6d52f3e6f4f506bd7c4a0645a943f1cc081b
A_javier-saguar,Javier Saguar,ROBOMASTER_VIDEO_02,1560,51.447000,A_javier-saguar/ROBOMASTER_VIDEO_02/images/frame_1560.jpg,142991,e94299c47b3b1502c4309216a2ec66fc0e66c8d8eeae4306416b490f79b65fb0
A_javier-saguar,Javier Saguar,ROBOMASTER_VIDEO_02,1584,52.239000,A_javier-saguar/ROBOMASTER_VIDEO_02/images/frame_1584.jpg,147279,d9dbde75e8644a4e03335ef0c4664433764499ccbbca0b6145124e7b9d406b9a
A_javier-saguar,Javier Saguar,ROBOMASTER_VIDEO_02,1608,53.031000,A_javier-saguar/ROBOMASTER_VIDEO_02/images/frame_1608.jpg,127869,e1fa1eb5c24f30e7f3b91c614ab42ff463bb59c4abc9e2e9df0c160da8cfdb46
A_javier-saguar,Javier Saguar,ROBOMASTER_VIDEO_02,1632,53.823000,A_javier-saguar/ROBOMASTER_VIDEO_02/images/frame_1632.jpg,142995,47cd339f09eae6d30f190e5386d15b6c6251aa63de8926d9e91e9ec0c95f1c9b
A_javier-saguar,Javier Saguar,ROBOMASTER_VIDEO_02,1656,54.615000,A_javier-saguar/ROBOMASTER_VIDEO_02/images/frame_1656.jpg,122349,a5739bb70b794a51e95346a2c30d52df6ac533ba965debd8abbb26fe68b7f166
A_javier-saguar,Javier Saguar,ROBOMASTER_VIDEO_02,1680,55.407000,A_javier-saguar/ROBOMASTER_VIDEO_02/images/frame_1680.jpg,130401,f8acb67470108dc1e3cf5d9dffa7d8115406136400b0b409893ea8c4aecad37a
A_javier-saguar,Javier Saguar,ROBOMASTER_VIDEO_02,1704,56.199000,A_javier-saguar/ROBOMASTER_VIDEO_02/images/frame_1704.jpg,137461,1ddd2413d1f39087444338b2dd2687912d96e4ecd6fc70e13e89bc84aefbb12e
A_javier-saguar,Javier Saguar,ROBOMASTER_VIDEO_02,1728,56.991000,A_javier-saguar/ROBOMASTER_VIDEO_02/images/frame_1728.jpg,125521,6d572eaa48430833787128417797653820cdebc2f4820d5d1f6815a49ee4d0f8
A_javier-saguar,Javier Saguar,ROBOMASTER_VIDEO_02,1752,57.783000,A_javier-saguar/ROBOMASTER_VIDEO_02/images/frame_1752.jpg,134408,09f1e5363e184f4e2d83c1cf816c4a66cb81daf66ceb40dc7c3c673e564c2e80
A_javier-saguar,Javier Saguar,ROBOMASTER_VIDEO_02,1776,58.575000,A_javier-saguar/ROBOMASTER_VIDEO_02/images/frame_1776.jpg,138373,148edc4ecdb0135174e623c446e52543a05cefdbf5c7ee6cf08cefcba351a327
A_javier-saguar,Javier Saguar,ROBOMASTER_VIDEO_02,1800,59.367000,A_javier-saguar/ROBOMASTER_VIDEO_02/images/frame_1800.jpg,149291,f83387584e9ef88db71a0b7ce6b97d6c4036f1023f4ae726ca23c41ba114a65a
B_alejandro-cuevas,Alejandro Cuevas,ROBOMASTER_VIDEO_03,24,0.759000,B_alejandro-cuevas/ROBOMASTER_VIDEO_03/images/frame_0024.jpg,146248,a471cbcb38e1e75db51679923af1b20a7b155f3af21ceb2ca6f3b7214c2a2444
B_alejandro-cuevas,Alejandro Cuevas,ROBOMASTER_VIDEO_03,48,1.551000,B_alejandro-cuevas/ROBOMASTER_VIDEO_03/images/frame_0048.jpg,108159,1188ef75f9ae0340bfd2f1d145b79e55892e687569c91dea4a0c8054db042c04
B_alejandro-cuevas,Alejandro Cuevas,ROBOMASTER_VIDEO_03,72,2.343000,B_alejandro-cuevas/ROBOMASTER_VIDEO_03/images/frame_0072.jpg,90699,066df54034dcdce15ccaa21f3685e4992efc018caf59465ab05f3af237b6944a
B_alejandro-cuevas,Alejandro Cuevas,ROBOMASTER_VIDEO_03,96,3.135000,B_alejandro-cuevas/ROBOMASTER_VIDEO_03/images/frame_0096.jpg,102883,2a11a7f2c7f5239910f5c234d49a6b52fe0d91eb5303812c531e2e67f9b4f6b1
B_alejandro-cuevas,Alejandro Cuevas,ROBOMASTER_VIDEO_03,120,3.927000,B_alejandro-cuevas/ROBOMASTER_VIDEO_03/images/frame_0120.jpg,89065,02d707362c52a494823f5419bf88ff543561a06e19004578ade19a01b30ff99d
B_alejandro-cuevas,Alejandro Cuevas,ROBOMASTER_VIDEO_03,144,4.719000,B_alejandro-cuevas/ROBOMASTER_VIDEO_03/images/frame_0144.jpg,92355,4c58035d436af768a0ec6fc35dacfe9a4d626d57a7aa7da062510630e85ef2e0
B_alejandro-cuevas,Alejandro Cuevas,ROBOMASTER_VIDEO_03,168,5.511000,B_alejandro-cuevas/ROBOMASTER_VIDEO_03/images/frame_0168.jpg,105355,a04e6580c1775ebbb596a7022132f27316ece8fda3e6f730c03b08cc47052aff
B_alejandro-cuevas,Alejandro Cuevas,ROBOMASTER_VIDEO_03,192,6.303000,B_alejandro-cuevas/ROBOMASTER_VIDEO_03/images/frame_0192.jpg,119295,f05b1dbfd18ab5b56e0cd3f968a16c34089ec6b3f0d3670053ce048f3415f7ce
B_alejandro-cuevas,Alejandro Cuevas,ROBOMASTER_VIDEO_03,216,7.095000,B_alejandro-cuevas/ROBOMASTER_VIDEO_03/images/frame_0216.jpg,130885,171061e0e78be7b3e975f898daeb562abab23d0c4020622987dc17203c4c3dd0
B_alejandro-cuevas,Alejandro Cuevas,ROBOMASTER_VIDEO_03,240,7.887000,B_alejandro-cuevas/ROBOMASTER_VIDEO_03/images/frame_0240.jpg,110197,e8b56a1428e020a5e0dc5b3fa4cb7dc9f45a19dd8b28b1651944fe5d0ded9d5c
B_alejandro-cuevas,Alejandro Cuevas,ROBOMASTER_VIDEO_03,264,8.679000,B_alejandro-cuevas/ROBOMASTER_VIDEO_03/images/frame_0264.jpg,122021,d2c495ea4bd2feda6847540b85c7ac59653e616e54e11250e240f052ae6a5b82
B_alejandro-cuevas,Alejandro Cuevas,ROBOMASTER_VIDEO_03,288,9.471000,B_alejandro-cuevas/ROBOMASTER_VIDEO_03/images/frame_0288.jpg,126760,1cd5f24dd04c83b664cade6038a072d4409b04a356f8daf3bf0d6c0f32321df0
B_alejandro-cuevas,Alejandro Cuevas,ROBOMASTER_VIDEO_03,312,10.263000,B_alejandro-cuevas/ROBOMASTER_VIDEO_03/images/frame_0312.jpg,129736,98d7268756f6c5da187ca1427049c720ddc11966b2f70f0f78ca7c15efee69a1
B_alejandro-cuevas,Alejandro Cuevas,ROBOMASTER_VIDEO_03,336,11.055000,B_alejandro-cuevas/ROBOMASTER_VIDEO_03/images/frame_0336.jpg,145681,256655da23bc6acbc04591aa733ed9f85df457827ff2b2b72e87f4539f18d1db
B_alejandro-cuevas,Alejandro Cuevas,ROBOMASTER_VIDEO_03,360,11.847000,B_alejandro-cuevas/ROBOMASTER_VIDEO_03/images/frame_0360.jpg,127802,d9d35e8f799c5be554456bed1aed318e829bf29b3bca6c4d999939842f88f4c6
B_alejandro-cuevas,Alejandro Cuevas,ROBOMASTER_VIDEO_03,384,12.639000,B_alejandro-cuevas/ROBOMASTER_VIDEO_03/images/frame_0384.jpg,105073,1bcb89b9fbbfe3737e98fdca45e4f45f59d6801ab961126101b7134e05ec0f3b
B_alejandro-cuevas,Alejandro Cuevas,ROBOMASTER_VIDEO_03,408,13.431000,B_alejandro-cuevas/ROBOMASTER_VIDEO_03/images/frame_0408.jpg,103169,e30fbf5d72f230aff30df6027ae38423dc9d9b3efc16473d08e438304183fe80
B_alejandro-cuevas,Alejandro Cuevas,ROBOMASTER_VIDEO_03,432,14.223000,B_alejandro-cuevas/ROBOMASTER_VIDEO_03/images/frame_0432.jpg,125913,e45a1eddfa1728057bf8cc0bbb58689ad1bb34f8236252a2126848a075b6064e
B_alejandro-cuevas,Alejandro Cuevas,ROBOMASTER_VIDEO_03,456,15.015000,B_alejandro-cuevas/ROBOMASTER_VIDEO_03/images/frame_0456.jpg,131588,3191d13ba31c1d0410358629e8d7b128d0f72e73b6687bd70ea13e3c4b2458ae
B_alejandro-cuevas,Alejandro Cuevas,ROBOMASTER_VIDEO_03,480,15.807000,B_alejandro-cuevas/ROBOMASTER_VIDEO_03/images/frame_0480.jpg,146300,b8343e57b9994bbd26996084037864ec79f13acf424ca667aad7b738f0413e91
B_alejandro-cuevas,Alejandro Cuevas,ROBOMASTER_VIDEO_03,504,16.599000,B_alejandro-cuevas/ROBOMASTER_VIDEO_03/images/frame_0504.jpg,139473,4aefafc9687dc5f01e989693372aeca2f5435352f238543a253c463da0734324
B_alejandro-cuevas,Alejandro Cuevas,ROBOMASTER_VIDEO_03,528,17.391000,B_alejandro-cuevas/ROBOMASTER_VIDEO_03/images/frame_0528.jpg,145311,cc3ecc5b628723898a4679077ef64086668447d257d493aa03f3e9bf185194ef
B_alejandro-cuevas,Alejandro Cuevas,ROBOMASTER_VIDEO_03,552,18.183000,B_alejandro-cuevas/ROBOMASTER_VIDEO_03/images/frame_0552.jpg,155665,f32a2bdce6b1b2fff8678ae8351c662055400bdc34a9d28141ae4ff9cba1b694
B_alejandro-cuevas,Alejandro Cuevas,ROBOMASTER_VIDEO_03,576,18.975000,B_alejandro-cuevas/ROBOMASTER_VIDEO_03/images/frame_0576.jpg,118230,686fe037b6ded60fd297176a64ff495b03970c66d942d265a7cfdd9ec2e4c59d
B_alejandro-cuevas,Alejandro Cuevas,ROBOMASTER_VIDEO_03,600,19.767000,B_alejandro-cuevas/ROBOMASTER_VIDEO_03/images/frame_0600.jpg,143207,a0f9276a02f597dea6932ce08c8b86ee6232e4eed77aec4219d712dd11177ec0
B_alejandro-cuevas,Alejandro Cuevas,ROBOMASTER_VIDEO_03,624,20.559000,B_alejandro-cuevas/ROBOMASTER_VIDEO_03/images/frame_0624.jpg,135802,4bd4dee6ed1703e407582897ebddd7659a6ad9b28c48196f9588c8870331907e
B_alejandro-cuevas,Alejandro Cuevas,ROBOMASTER_VIDEO_03,648,21.351000,B_alejandro-cuevas/ROBOMASTER_VIDEO_03/images/frame_0648.jpg,158939,7b0bba18c81bd002e0eeff1db83a5deb40d91e46384291097cf521dd31ceb2ca
B_alejandro-cuevas,Alejandro Cuevas,ROBOMASTER_VIDEO_03,672,22.143000,B_alejandro-cuevas/ROBOMASTER_VIDEO_03/images/frame_0672.jpg,127148,4aebd351c18b1c127cd5d0d3903eaf5614e6f94473bf69c1e8eff77c74b418c5
B_alejandro-cuevas,Alejandro Cuevas,ROBOMASTER_VIDEO_03,696,22.935000,B_alejandro-cuevas/ROBOMASTER_VIDEO_03/images/frame_0696.jpg,98186,a49b4a30820fa5ccc01f0d42251a0be6c411bde56aba7538fee7bd36e521e8d8
B_alejandro-cuevas,Alejandro Cuevas,ROBOMASTER_VIDEO_03,720,23.727000,B_alejandro-cuevas/ROBOMASTER_VIDEO_03/images/frame_0720.jpg,136729,0dfc5efa5d0207a08f02abffc11d4ec93f1b41117d9460dc6ad1fba9824a2c33
B_alejandro-cuevas,Alejandro Cuevas,ROBOMASTER_VIDEO_03,744,24.519000,B_alejandro-cuevas/ROBOMASTER_VIDEO_03/images/frame_0744.jpg,123081,869a01ca2032435cc85e3558af6f868ecd8c9f28ad1812801ec9acca0833f948
B_alejandro-cuevas,Alejandro Cuevas,ROBOMASTER_VIDEO_03,768,25.311000,B_alejandro-cuevas/ROBOMASTER_VIDEO_03/images/frame_0768.jpg,117146,ee0ea362e53639d8373d14d81838637886256c2cfa830c57982283192d1f54d5
B_alejandro-cuevas,Alejandro Cuevas,ROBOMASTER_VIDEO_03,792,26.103000,B_alejandro-cuevas/ROBOMASTER_VIDEO_03/images/frame_0792.jpg,136335,08b9faab8cecab2fbfaeb15719c3f2c84e93e4d36ac1bb7850dc65014a690f88
B_alejandro-cuevas,Alejandro Cuevas,ROBOMASTER_VIDEO_03,816,26.895000,B_alejandro-cuevas/ROBOMASTER_VIDEO_03/images/frame_0816.jpg,123907,48041fceae4afdc44b0269d0e2f0727f666e6e7d3d4489d74df70792fd4fc335
B_alejandro-cuevas,Alejandro Cuevas,ROBOMASTER_VIDEO_03,840,27.687000,B_alejandro-cuevas/ROBOMASTER_VIDEO_03/images/frame_0840.jpg,125009,85e168c8d1488aa68c7454bfbe8d0da9cbf7e19bf04fa9e4d6ccb5ab85951c7e
B_alejandro-cuevas,Alejandro Cuevas,ROBOMASTER_VIDEO_03,864,28.479000,B_alejandro-cuevas/ROBOMASTER_VIDEO_03/images/frame_0864.jpg,99374,a9333197f022083cb29e5fc64fa3cd886d023db897b851206cfd37c0ca493fce
B_alejandro-cuevas,Alejandro Cuevas,ROBOMASTER_VIDEO_03,888,29.271000,B_alejandro-cuevas/ROBOMASTER_VIDEO_03/images/frame_0888.jpg,115191,f76e97a460a5d3d41014a67fbd61f659df9703485c26dde53104d891f2dc6fc8
B_alejandro-cuevas,Alejandro Cuevas,ROBOMASTER_VIDEO_03,912,30.063000,B_alejandro-cuevas/ROBOMASTER_VIDEO_03/images/frame_0912.jpg,111605,d92c10c3e3c94b93c9ffe235cae33259b1f9f44bca1b0d7209ebf891c145eb54
B_alejandro-cuevas,Alejandro Cuevas,ROBOMASTER_VIDEO_03,936,30.855000,B_alejandro-cuevas/ROBOMASTER_VIDEO_03/images/frame_0936.jpg,113898,972cc896d1710f96d6d746018a3c613839e3ee7fe7247b4bd108d5cb5a2d8e2c
B_alejandro-cuevas,Alejandro Cuevas,ROBOMASTER_VIDEO_03,960,31.647000,B_alejandro-cuevas/ROBOMASTER_VIDEO_03/images/frame_0960.jpg,134061,dd7f5367674ed0eba394b7ca38262fc0f434159bcca660e97293ac701a79baa9
B_alejandro-cuevas,Alejandro Cuevas,ROBOMASTER_VIDEO_03,984,32.439000,B_alejandro-cuevas/ROBOMASTER_VIDEO_03/images/frame_0984.jpg,101269,9cc2bff99985934b068c6449557c9946a14ba666f515487ec4b47756786b078e
B_alejandro-cuevas,Alejandro Cuevas,ROBOMASTER_VIDEO_03,1008,33.231000,B_alejandro-cuevas/ROBOMASTER_VIDEO_03/images/frame_1008.jpg,107602,5afe4b41a5bd083bdd8439188c0e7e3626e42e5670fc03c85fd841db6ada4088
B_alejandro-cuevas,Alejandro Cuevas,ROBOMASTER_VIDEO_03,1032,34.023000,B_alejandro-cuevas/ROBOMASTER_VIDEO_03/images/frame_1032.jpg,104985,b63a4e2b6873a46f573bdb3627aec1ad07221ca308f8fc2bcc34449bbb5538dd
B_alejandro-cuevas,Alejandro Cuevas,ROBOMASTER_VIDEO_03,1056,34.815000,B_alejandro-cuevas/ROBOMASTER_VIDEO_03/images/frame_1056.jpg,75275,7c18bf29a683a34596e4f05476298c986a6e011089462f63a2a14926b75b3cc1
B_alejandro-cuevas,Alejandro Cuevas,ROBOMASTER_VIDEO_03,1080,35.607000,B_alejandro-cuevas/ROBOMASTER_VIDEO_03/images/frame_1080.jpg,63172,2ead593b8e0f7e509e76f47374ddd2f8acc593fd10f4ef046d2baf1fbbff9f02
B_alejandro-cuevas,Alejandro Cuevas,ROBOMASTER_VIDEO_03,1104,36.399000,B_alejandro-cuevas/ROBOMASTER_VIDEO_03/images/frame_1104.jpg,109264,a84d6d897a194167c718d354b57e6513774f9acdffdd360cebca0e3ddba78e7b
B_alejandro-cuevas,Alejandro Cuevas,ROBOMASTER_VIDEO_03,1128,37.191000,B_alejandro-cuevas/ROBOMASTER_VIDEO_03/images/frame_1128.jpg,84423,a10f424ca518037a24c57edc60601cc21f2d1d371fab8f313be4c49fe68bb1db
B_alejandro-cuevas,Alejandro Cuevas,ROBOMASTER_VIDEO_03,1152,37.983000,B_alejandro-cuevas/ROBOMASTER_VIDEO_03/images/frame_1152.jpg,113352,ae58fe72ac3b607e098d089189e014a9088907b1eb358cc0c585de9a129afe76
B_alejandro-cuevas,Alejandro Cuevas,ROBOMASTER_VIDEO_03,1176,38.775000,B_alejandro-cuevas/ROBOMASTER_VIDEO_03/images/frame_1176.jpg,145062,8e5d8fb67141b1d40b4b1048bac4f75396545aae8b402de301bb4425d65a535b
B_alejandro-cuevas,Alejandro Cuevas,ROBOMASTER_VIDEO_03,1200,39.567000,B_alejandro-cuevas/ROBOMASTER_VIDEO_03/images/frame_1200.jpg,114514,6ac2c71cb33eb943dd2d4bd068266a64cddac758ae03e50bbdda5c13e1b6d791
B_alejandro-cuevas,Alejandro Cuevas,ROBOMASTER_VIDEO_03,1224,40.359000,B_alejandro-cuevas/ROBOMASTER_VIDEO_03/images/frame_1224.jpg,100026,e75b3a91393ddd55e1520e865bce2ef2f92d0de50ec6f2c73ca45989a430f8e0
B_alejandro-cuevas,Alejandro Cuevas,ROBOMASTER_VIDEO_03,1248,41.151000,B_alejandro-cuevas/ROBOMASTER_VIDEO_03/images/frame_1248.jpg,102711,efca49d9ecb30b577f67ac31c35eff09121bca313bfbc32628f927c75817178d
B_alejandro-cuevas,Alejandro Cuevas,ROBOMASTER_VIDEO_03,1272,41.943000,B_alejandro-cuevas/ROBOMASTER_VIDEO_03/images/frame_1272.jpg,132937,057b8822498044a1a2e8faf8d2d30ce4791dab23d8e27db9c85b7205035dbbc9
B_alejandro-cuevas,Alejandro Cuevas,ROBOMASTER_VIDEO_03,1296,42.735000,B_alejandro-cuevas/ROBOMASTER_VIDEO_03/images/frame_1296.jpg,127707,a0046f34e959de15b241991367aec3dd9e666716d33b38e093b535a64339c3c5
B_alejandro-cuevas,Alejandro Cuevas,ROBOMASTER_VIDEO_03,1320,43.527000,B_alejandro-cuevas/ROBOMASTER_VIDEO_03/images/frame_1320.jpg,138111,a75808f14630b2753e333e25738dc5015dd19c715efee4979d3051df4b077703
B_alejandro-cuevas,Alejandro Cuevas,ROBOMASTER_VIDEO_03,1344,44.319000,B_alejandro-cuevas/ROBOMASTER_VIDEO_03/images/frame_1344.jpg,147140,271734a1140a80450ecae4ec5428ce4ced83a5d1030eca25b067393df2fa677e
B_alejandro-cuevas,Alejandro Cuevas,ROBOMASTER_VIDEO_03,1368,45.111000,B_alejandro-cuevas/ROBOMASTER_VIDEO_03/images/frame_1368.jpg,135721,ddabd16a4eb6667d54723d7a0ea81a0c5b6c2ea3ce5cd28866dbb8b9c04b0914
B_alejandro-cuevas,Alejandro Cuevas,ROBOMASTER_VIDEO_03,1392,45.903000,B_alejandro-cuevas/ROBOMASTER_VIDEO_03/images/frame_1392.jpg,157572,1e9b3b439bae3527dd1cbbdfa5b2be830f7e75a6cf256400d9e54d239bb1b99d
B_alejandro-cuevas,Alejandro Cuevas,ROBOMASTER_VIDEO_03,1416,46.695000,B_alejandro-cuevas/ROBOMASTER_VIDEO_03/images/frame_1416.jpg,136769,357f29e8b4a8f734e1a86313e2d8347fc2390819e021d37c6077a42bf7a6efd0
B_alejandro-cuevas,Alejandro Cuevas,ROBOMASTER_VIDEO_03,1440,47.487000,B_alejandro-cuevas/ROBOMASTER_VIDEO_03/images/frame_1440.jpg,114563,48422094b5c3bf38714ad2b0d748888677870d21f62b2057e230cd843f4e02d7
B_alejandro-cuevas,Alejandro Cuevas,ROBOMASTER_VIDEO_03,1464,48.279000,B_alejandro-cuevas/ROBOMASTER_VIDEO_03/images/frame_1464.jpg,163390,3736a20a1ec7ad55bca6be43d52a3585a0c78a78d643b9ed05d4a172e428ae73
B_alejandro-cuevas,Alejandro Cuevas,ROBOMASTER_VIDEO_03,1488,49.071000,B_alejandro-cuevas/ROBOMASTER_VIDEO_03/images/frame_1488.jpg,99692,c4d0676eb71b12f489712b4205d9963f8d785d644ab5110854e685139c535385
B_alejandro-cuevas,Alejandro Cuevas,ROBOMASTER_VIDEO_03,1512,49.863000,B_alejandro-cuevas/ROBOMASTER_VIDEO_03/images/frame_1512.jpg,125773,fdb9ae392ed6cf30e939a43f0e1d7ea569b50c3eb4d42261671a4da03cae711f
B_alejandro-cuevas,Alejandro Cuevas,ROBOMASTER_VIDEO_03,1536,50.655000,B_alejandro-cuevas/ROBOMASTER_VIDEO_03/images/frame_1536.jpg,115704,98c12429a4678863e05a4ad1da5eead1bac68e1fddb8e783606285c599b10cfe
B_alejandro-cuevas,Alejandro Cuevas,ROBOMASTER_VIDEO_03,1560,51.447000,B_alejandro-cuevas/ROBOMASTER_VIDEO_03/images/frame_1560.jpg,116427,324079fa8da9f4b94f49c0f3c7a4dcfab9214438db28ab2ef9df20a0f488370c
B_alejandro-cuevas,Alejandro Cuevas,ROBOMASTER_VIDEO_03,1584,52.239000,B_alejandro-cuevas/ROBOMASTER_VIDEO_03/images/frame_1584.jpg,119668,fd96220db8cb83ff8e6a1e3aa99d54040b170c30eca8fe942d31513805ae14d8
B_alejandro-cuevas,Alejandro Cuevas,ROBOMASTER_VIDEO_03,1608,53.031000,B_alejandro-cuevas/ROBOMASTER_VIDEO_03/images/frame_1608.jpg,97388,6f977398dfb5dd4183ea14bc52eb9f237a97ced5e2367463c7342494e9483dd6
B_alejandro-cuevas,Alejandro Cuevas,ROBOMASTER_VIDEO_03,1632,53.823000,B_alejandro-cuevas/ROBOMASTER_VIDEO_03/images/frame_1632.jpg,137526,7742a2daeecf48e324ce302c49deb02db5fd930950ec3596133eace197964ca0
B_alejandro-cuevas,Alejandro Cuevas,ROBOMASTER_VIDEO_03,1656,54.615000,B_alejandro-cuevas/ROBOMASTER_VIDEO_03/images/frame_1656.jpg,115239,acde154ad640ebcdb6f9e8709cc007274da412c65943e60447243cea1b61141d
B_alejandro-cuevas,Alejandro Cuevas,ROBOMASTER_VIDEO_03,1680,55.407000,B_alejandro-cuevas/ROBOMASTER_VIDEO_03/images/frame_1680.jpg,132215,77beb16c8bbfeffd6ccb8510fe878ef374736fd9662be59d4d3ea8a2bdba1b65
B_alejandro-cuevas,Alejandro Cuevas,ROBOMASTER_VIDEO_03,1704,56.199000,B_alejandro-cuevas/ROBOMASTER_VIDEO_03/images/frame_1704.jpg,109496,4bf4a0b33f1137576d1c4374ef5ff1c8511ca5b723b450ca6cc755543df337b4
B_alejandro-cuevas,Alejandro Cuevas,ROBOMASTER_VIDEO_03,1728,56.991000,B_alejandro-cuevas/ROBOMASTER_VIDEO_03/images/frame_1728.jpg,109004,b722043416cddbb57ffca20f1661f539f5fa4259182f895a4ba2f49131bb2a1e
B_alejandro-cuevas,Alejandro Cuevas,ROBOMASTER_VIDEO_03,1752,57.783000,B_alejandro-cuevas/ROBOMASTER_VIDEO_03/images/frame_1752.jpg,120911,1e5db9cb4eefc8fdbcda4b79ce3e835299a08155c999036011383ce8a97222c8
B_alejandro-cuevas,Alejandro Cuevas,ROBOMASTER_VIDEO_03,1776,58.575000,B_alejandro-cuevas/ROBOMASTER_VIDEO_03/images/frame_1776.jpg,114101,0023e15e2979ef06f1c329e20eca56290f1a3dcd69833292d1a6ec2e41e5a05b
B_alejandro-cuevas,Alejandro Cuevas,ROBOMASTER_VIDEO_03,1800,59.367000,B_alejandro-cuevas/ROBOMASTER_VIDEO_03/images/frame_1800.jpg,144904,5fb5cf2a8a15942fa79cfbf538f458c135a7fc8aa9223d8db361abbc223d21a5
B_alejandro-cuevas,Alejandro Cuevas,ROBOMASTER_VIDEO_04,24,0.759000,B_alejandro-cuevas/ROBOMASTER_VIDEO_04/images/frame_0024.jpg,353989,8a12cd1cc39d906465270a39fb0d2606ca42caaae9388e831ad5b99b59dfe710
B_alejandro-cuevas,Alejandro Cuevas,ROBOMASTER_VIDEO_04,48,1.551000,B_alejandro-cuevas/ROBOMASTER_VIDEO_04/images/frame_0048.jpg,336806,919254c21bc2daff4dbd2ba9159f2a90ecad8eb4072961a739240ca2c732d607
B_alejandro-cuevas,Alejandro Cuevas,ROBOMASTER_VIDEO_04,72,2.343000,B_alejandro-cuevas/ROBOMASTER_VIDEO_04/images/frame_0072.jpg,353986,e7b2b8b430d0555bbf989625744b4a8ce5e37d95f78a2020d7a4540cf73c8680
B_alejandro-cuevas,Alejandro Cuevas,ROBOMASTER_VIDEO_04,96,3.135000,B_alejandro-cuevas/ROBOMASTER_VIDEO_04/images/frame_0096.jpg,317514,b9db3dc2b26c216229f8c16a1f18b1c71e4473493384e60b8cdf2245046865c8
B_alejandro-cuevas,Alejandro Cuevas,ROBOMASTER_VIDEO_04,120,3.927000,B_alejandro-cuevas/ROBOMASTER_VIDEO_04/images/frame_0120.jpg,345501,3bcb1530445954a8aa1bcb473e8ce91f31ce1f49bd878dab066a60e694f81324
B_alejandro-cuevas,Alejandro Cuevas,ROBOMASTER_VIDEO_04,144,4.719000,B_alejandro-cuevas/ROBOMASTER_VIDEO_04/images/frame_0144.jpg,346747,ae2c0ad925deeb7de49866b72fabb750ff3a4cdb29d342f67da7258bba174317
B_alejandro-cuevas,Alejandro Cuevas,ROBOMASTER_VIDEO_04,168,5.511000,B_alejandro-cuevas/ROBOMASTER_VIDEO_04/images/frame_0168.jpg,348067,7b421108ede374c51a05e1516dd8dab090d038a06471aaea977cb6b9bdabba6c
B_alejandro-cuevas,Alejandro Cuevas,ROBOMASTER_VIDEO_04,192,6.303000,B_alejandro-cuevas/ROBOMASTER_VIDEO_04/images/frame_0192.jpg,332613,359a961cd640b9b04782a99b544c04b6dcd31f2726be59a76402be1528e66199
B_alejandro-cuevas,Alejandro Cuevas,ROBOMASTER_VIDEO_04,216,7.095000,B_alejandro-cuevas/ROBOMASTER_VIDEO_04/images/frame_0216.jpg,307604,57398e6eaf88b83edbbae853a3ff513846f3cc5f0b15f491251cd20f6a0c7d43
B_alejandro-cuevas,Alejandro Cuevas,ROBOMASTER_VIDEO_04,240,7.887000,B_alejandro-cuevas/ROBOMASTER_VIDEO_04/images/frame_0240.jpg,292594,64f59bd21d7d5f4be334f2df80a6fa5042174df742961f91e973d9223bcd6c2e
B_alejandro-cuevas,Alejandro Cuevas,ROBOMASTER_VIDEO_04,264,8.679000,B_alejandro-cuevas/ROBOMASTER_VIDEO_04/images/frame_0264.jpg,273396,127df0b909bbdc538ec2ed76a8f8bef01598ce7a41f83608672cf6599739af07
B_alejandro-cuevas,Alejandro Cuevas,ROBOMASTER_VIDEO_04,288,9.471000,B_alejandro-cuevas/ROBOMASTER_VIDEO_04/images/frame_0288.jpg,177708,f4a3be21a699f1ae4aa477bf824a86ce31e7108de2e81e93aa8c89007048e14c
B_alejandro-cuevas,Alejandro Cuevas,ROBOMASTER_VIDEO_04,312,10.263000,B_alejandro-cuevas/ROBOMASTER_VIDEO_04/images/frame_0312.jpg,205380,e44a97f9f6ca01814f35ba903a6c339b0db5169c772895930e8db4e31f93639a
B_alejandro-cuevas,Alejandro Cuevas,ROBOMASTER_VIDEO_04,336,11.055000,B_alejandro-cuevas/ROBOMASTER_VIDEO_04/images/frame_0336.jpg,183868,b5c4c69c9b61abea354a5bfae76da076ebdefa1a442284f196baa45f822572cf
B_alejandro-cuevas,Alejandro Cuevas,ROBOMASTER_VIDEO_04,360,11.847000,B_alejandro-cuevas/ROBOMASTER_VIDEO_04/images/frame_0360.jpg,201757,4fd5b998bf6a9e7b0c99106e3acb5b57c124617b79b8046226ff2a45227e7ccd
B_alejandro-cuevas,Alejandro Cuevas,ROBOMASTER_VIDEO_04,384,12.639000,B_alejandro-cuevas/ROBOMASTER_VIDEO_04/images/frame_0384.jpg,242978,c24582d221e23d47b01f59999a4b12a6d6d1508c6805d856ecfe208d4d67934e
B_alejandro-cuevas,Alejandro Cuevas,ROBOMASTER_VIDEO_04,408,13.431000,B_alejandro-cuevas/ROBOMASTER_VIDEO_04/images/frame_0408.jpg,220152,dd7d954ff5b3a0df722befeda8ff805edf09d7b0f150a79a7b7a9b37ffc8a71f
B_alejandro-cuevas,Alejandro Cuevas,ROBOMASTER_VIDEO_04,432,14.223000,B_alejandro-cuevas/ROBOMASTER_VIDEO_04/images/frame_0432.jpg,225473,39f6e26133659003cae5c2907fd34dca7ca4436cd2fbbeb2a5a3505d6e2e9bd4
B_alejandro-cuevas,Alejandro Cuevas,ROBOMASTER_VIDEO_04,456,15.015000,B_alejandro-cuevas/ROBOMASTER_VIDEO_04/images/frame_0456.jpg,269565,6fd5cf667f31ebfeff58a63dfd1841911d1719779a75b184cf78fd359f8ed0ab
B_alejandro-cuevas,Alejandro Cuevas,ROBOMASTER_VIDEO_04,480,15.807000,B_alejandro-cuevas/ROBOMASTER_VIDEO_04/images/frame_0480.jpg,220620,7e363b5fcae4276d8ab86f409e2b0657089b6b67c7201c0b87cb73227cd49753
B_alejandro-cuevas,Alejandro Cuevas,ROBOMASTER_VIDEO_04,504,16.599000,B_alejandro-cuevas/ROBOMASTER_VIDEO_04/images/frame_0504.jpg,204867,9248e90cf89515ba9f108f70b6b6ded3477fbe8f7eee92269f6120b53ec2b574
B_alejandro-cuevas,Alejandro Cuevas,ROBOMASTER_VIDEO_04,528,17.391000,B_alejandro-cuevas/ROBOMASTER_VIDEO_04/images/frame_0528.jpg,229722,3354dc1fe77942e94a923251009088af4403b363977560b46dcf624cbb26f2e5
B_alejandro-cuevas,Alejandro Cuevas,ROBOMASTER_VIDEO_04,552,18.183000,B_alejandro-cuevas/ROBOMASTER_VIDEO_04/images/frame_0552.jpg,158416,469358bead7ff66bd692d7c737e900233a0d20760da5be2b35c7ee39f9ee3852
B_alejandro-cuevas,Alejandro Cuevas,ROBOMASTER_VIDEO_04,576,18.975000,B_alejandro-cuevas/ROBOMASTER_VIDEO_04/images/frame_0576.jpg,197828,1c0974e06f2c96ce9d2ad3292be83826f09b956e4bfa15be1758807f5470121d
B_alejandro-cuevas,Alejandro Cuevas,ROBOMASTER_VIDEO_04,600,19.767000,B_alejandro-cuevas/ROBOMASTER_VIDEO_04/images/frame_0600.jpg,208491,30fd596d96f320ac9b4a374b298d6ac382c059f95748ed474e6a72bdace6dfe8
B_alejandro-cuevas,Alejandro Cuevas,ROBOMASTER_VIDEO_04,624,20.559000,B_alejandro-cuevas/ROBOMASTER_VIDEO_04/images/frame_0624.jpg,210101,54ba6836ebc0954c904d75fe06d55581357eb95bef63029e86b39c2e2a8742d0
B_alejandro-cuevas,Alejandro Cuevas,ROBOMASTER_VIDEO_04,648,21.351000,B_alejandro-cuevas/ROBOMASTER_VIDEO_04/images/frame_0648.jpg,221296,8ef937ef382c391b6ebb1ddfb8b07f88aa3055b96c30efb11430b147305c9d42
B_alejandro-cuevas,Alejandro Cuevas,ROBOMASTER_VIDEO_04,672,22.143000,B_alejandro-cuevas/ROBOMASTER_VIDEO_04/images/frame_0672.jpg,173476,28f23f4254f9752b2662dee11ef4336f99c2a54dec30bb681bd784bca899eeda
B_alejandro-cuevas,Alejandro Cuevas,ROBOMASTER_VIDEO_04,696,22.935000,B_alejandro-cuevas/ROBOMASTER_VIDEO_04/images/frame_0696.jpg,253535,4ac87b06502f24c4902a9adece73935ceb554c3d9df7046f5bba2c001897a4dd
B_alejandro-cuevas,Alejandro Cuevas,ROBOMASTER_VIDEO_04,720,23.727000,B_alejandro-cuevas/ROBOMASTER_VIDEO_04/images/frame_0720.jpg,210223,438bbd8f271774eb117e0277befb86688438763ac18751e76b5e91448aaf3afb
B_alejandro-cuevas,Alejandro Cuevas,ROBOMASTER_VIDEO_04,744,24.519000,B_alejandro-cuevas/ROBOMASTER_VIDEO_04/images/frame_0744.jpg,204808,0035b2237f55707fa417b77f2754b18786c3d616ac0bc8cabdb568961e8a019f
B_alejandro-cuevas,Alejandro Cuevas,ROBOMASTER_VIDEO_04,768,25.311000,B_alejandro-cuevas/ROBOMASTER_VIDEO_04/images/frame_0768.jpg,178658,25e80f35894752e763541b6f51306916a7a5732220ccbcc2af405a239379fec7
B_alejandro-cuevas,Alejandro Cuevas,ROBOMASTER_VIDEO_04,792,26.103000,B_alejandro-cuevas/ROBOMASTER_VIDEO_04/images/frame_0792.jpg,230510,9f9b1ad057ad9b1a8422fc726d7372825d240ca317be477a6b2c1d23604cc5b0
B_alejandro-cuevas,Alejandro Cuevas,ROBOMASTER_VIDEO_04,816,26.895000,B_alejandro-cuevas/ROBOMASTER_VIDEO_04/images/frame_0816.jpg,202444,9ee86f22622e4713e6be8b9c1882ab50c8c34c8b35d06851c66461bb34882615
B_alejandro-cuevas,Alejandro Cuevas,ROBOMASTER_VIDEO_04,840,27.687000,B_alejandro-cuevas/ROBOMASTER_VIDEO_04/images/frame_0840.jpg,294314,b8423a5c1347f6de721a65ad853c8625c6a61586352e1032ea986e12f439646d
B_alejandro-cuevas,Alejandro Cuevas,ROBOMASTER_VIDEO_04,864,28.479000,B_alejandro-cuevas/ROBOMASTER_VIDEO_04/images/frame_0864.jpg,232669,de26083e51496fa6c355c0030b93b774e3b79fd63c9f59a00b6eb7e4288d8e82
B_alejandro-cuevas,Alejandro Cuevas,ROBOMASTER_VIDEO_04,888,29.271000,B_alejandro-cuevas/ROBOMASTER_VIDEO_04/images/frame_0888.jpg,257385,65f9934a91d3efa5daac87978195ef00550431a56218e8447aed9c4e09b8a870
B_alejandro-cuevas,Alejandro Cuevas,ROBOMASTER_VIDEO_04,912,30.063000,B_alejandro-cuevas/ROBOMASTER_VIDEO_04/images/frame_0912.jpg,225227,c15b9631a56eeceeea17db90ab30f9cb0b00a02d4d3fe82c9c9194305bff712a
B_alejandro-cuevas,Alejandro Cuevas,ROBOMASTER_VIDEO_04,936,30.855000,B_alejandro-cuevas/ROBOMASTER_VIDEO_04/images/frame_0936.jpg,192327,446e95122c7f03b4bd9c8ca9a916b445b2a263a6ad03257afb21189bc851e578
B_alejandro-cuevas,Alejandro Cuevas,ROBOMASTER_VIDEO_04,960,31.647000,B_alejandro-cuevas/ROBOMASTER_VIDEO_04/images/frame_0960.jpg,192882,3d172c62390a1101108bd8ed0df89c47610680ef6725aad013da2d17ecaa900f
B_alejandro-cuevas,Alejandro Cuevas,ROBOMASTER_VIDEO_04,984,32.439000,B_alejandro-cuevas/ROBOMASTER_VIDEO_04/images/frame_0984.jpg,260233,7349ccb368df5044596a6c3c1c453b4d971eba36db3db16814611684a0151c42
B_alejandro-cuevas,Alejandro Cuevas,ROBOMASTER_VIDEO_04,1008,33.231000,B_alejandro-cuevas/ROBOMASTER_VIDEO_04/images/frame_1008.jpg,198808,5a9e380cee7d965a661bdb84c87a727e94424bac871a8b3d16bac48b0dc067a4
B_alejandro-cuevas,Alejandro Cuevas,ROBOMASTER_VIDEO_04,1032,34.023000,B_alejandro-cuevas/ROBOMASTER_VIDEO_04/images/frame_1032.jpg,161919,57d2144bca308f664ee6f8163466a50d8cef0b874b553e47fdd6364f2d2e25ec
B_alejandro-cuevas,Alejandro Cuevas,ROBOMASTER_VIDEO_04,1056,34.815000,B_alejandro-cuevas/ROBOMASTER_VIDEO_04/images/frame_1056.jpg,168603,b57b5642444d46041191c76c596588916ef0c3795a85deea65cd7651fd608af5
B_alejandro-cuevas,Alejandro Cuevas,ROBOMASTER_VIDEO_04,1080,35.607000,B_alejandro-cuevas/ROBOMASTER_VIDEO_04/images/frame_1080.jpg,201782,f6518acaec2ab490f90008def7ea956d57392f5fcae1801e68384eb00e628e67
B_alejandro-cuevas,Alejandro Cuevas,ROBOMASTER_VIDEO_04,1104,36.399000,B_alejandro-cuevas/ROBOMASTER_VIDEO_04/images/frame_1104.jpg,160462,c9abb4234dd537f2f07dc8c696854943e2a89d0d3607f778ffec3f6e84163c94
B_alejandro-cuevas,Alejandro Cuevas,ROBOMASTER_VIDEO_04,1128,37.191000,B_alejandro-cuevas/ROBOMASTER_VIDEO_04/images/frame_1128.jpg,206275,cbe1d862c269390ed19d5241d7aa9003eb49aaa972bd399f668d2bbbb4a1f4d2
B_alejandro-cuevas,Alejandro Cuevas,ROBOMASTER_VIDEO_04,1152,37.983000,B_alejandro-cuevas/ROBOMASTER_VIDEO_04/images/frame_1152.jpg,202306,d57c946b60c2347e64d23b04c84cb7878ad6423e78ee7d65ee7a8cb14afa48af
B_alejandro-cuevas,Alejandro Cuevas,ROBOMASTER_VIDEO_04,1176,38.775000,B_alejandro-cuevas/ROBOMASTER_VIDEO_04/images/frame_1176.jpg,200826,8dfe36604d15dd93778423616fb3b8b2f3d684e331457bc857173892bf4fda30
B_alejandro-cuevas,Alejandro Cuevas,ROBOMASTER_VIDEO_04,1200,39.567000,B_alejandro-cuevas/ROBOMASTER_VIDEO_04/images/frame_1200.jpg,208065,b84d5c30fcf36bde0b45a346e7b1badcc30f06e9553774a0619ef190f6f51be5
B_alejandro-cuevas,Alejandro Cuevas,ROBOMASTER_VIDEO_04,1224,40.359000,B_alejandro-cuevas/ROBOMASTER_VIDEO_04/images/frame_1224.jpg,236063,3e61c3c2503d3bade424a95cd6c1136cb44e7db41b53a0d2e6f141271d6f3c1d
B_alejandro-cuevas,Alejandro Cuevas,ROBOMASTER_VIDEO_04,1248,41.151000,B_alejandro-cuevas/ROBOMASTER_VIDEO_04/images/frame_1248.jpg,245440,8aab458b4b3d9f77d87a95a3e843b4d61502424a9cb70eafc086424b21d318b2
B_alejandro-cuevas,Alejandro Cuevas,ROBOMASTER_VIDEO_04,1272,41.943000,B_alejandro-cuevas/ROBOMASTER_VIDEO_04/images/frame_1272.jpg,249550,d349082dc2b29ea61190a3523fa263c4c09f39f1d5eb4c9c89cddd3467c28fc2
B_alejandro-cuevas,Alejandro Cuevas,ROBOMASTER_VIDEO_04,1296,42.735000,B_alejandro-cuevas/ROBOMASTER_VIDEO_04/images/frame_1296.jpg,244507,3039192a432d96b26b600c45f91926ae63bb35f2a5fcac2a03b23b1f65bdb927
B_alejandro-cuevas,Alejandro Cuevas,ROBOMASTER_VIDEO_04,1320,43.527000,B_alejandro-cuevas/ROBOMASTER_VIDEO_04/images/frame_1320.jpg,166504,aee01326dabf3fd3f7d45fe11945012884e30842365d203342bd536d5ba515d0
B_alejandro-cuevas,Alejandro Cuevas,ROBOMASTER_VIDEO_04,1344,44.319000,B_alejandro-cuevas/ROBOMASTER_VIDEO_04/images/frame_1344.jpg,192608,78990d67179cc0a4966bff8d525a4c91137730d5639b615dbc37d5838175fcbd
B_alejandro-cuevas,Alejandro Cuevas,ROBOMASTER_VIDEO_04,1368,45.111000,B_alejandro-cuevas/ROBOMASTER_VIDEO_04/images/frame_1368.jpg,215105,243e0f6cca4f07d159010eabffb92582a8486898222718f72cbfe76100e93b6a
B_alejandro-cuevas,Alejandro Cuevas,ROBOMASTER_VIDEO_04,1392,45.903000,B_alejandro-cuevas/ROBOMASTER_VIDEO_04/images/frame_1392.jpg,195504,1141312250ac1b746ccdabad4b845dbccbdd5bfe8522f693c812025546f91254
B_alejandro-cuevas,Alejandro Cuevas,ROBOMASTER_VIDEO_04,1416,46.695000,B_alejandro-cuevas/ROBOMASTER_VIDEO_04/images/frame_1416.jpg,258577,b962aea7f79509796722b53043f77346bcdf66040d3a68561c1773a8d40c47f1
B_alejandro-cuevas,Alejandro Cuevas,ROBOMASTER_VIDEO_04,1440,47.487000,B_alejandro-cuevas/ROBOMASTER_VIDEO_04/images/frame_1440.jpg,251487,3cb1540306d6f278536a809a7be34ae072a4f2b5e7a3ff60c6906cc53012d95b
B_alejandro-cuevas,Alejandro Cuevas,ROBOMASTER_VIDEO_04,1464,48.279000,B_alejandro-cuevas/ROBOMASTER_VIDEO_04/images/frame_1464.jpg,148873,e9d0d0cdee391789ebb826127851783d7235b6f70bad8bf9b91c76223fba18ef
B_alejandro-cuevas,Alejandro Cuevas,ROBOMASTER_VIDEO_04,1488,49.071000,B_alejandro-cuevas/ROBOMASTER_VIDEO_04/images/frame_1488.jpg,170007,4c4bb0a8a28036db90e8b21ca457665e2ed5220863ab9e178406bf3a53e37db7
B_alejandro-cuevas,Alejandro Cuevas,ROBOMASTER_VIDEO_04,1512,49.863000,B_alejandro-cuevas/ROBOMASTER_VIDEO_04/images/frame_1512.jpg,227123,b3717bf5287e6f9defcf56bf20cb49f0f38854e908a1aa0ff2d721303f6c8d9e
B_alejandro-cuevas,Alejandro Cuevas,ROBOMASTER_VIDEO_04,1536,50.655000,B_alejandro-cuevas/ROBOMASTER_VIDEO_04/images/frame_1536.jpg,188747,4bb8b6eacf57db55fc078c6818247fda4065675ab3ad1fbdc7ca3b0059e1340f
B_alejandro-cuevas,Alejandro Cuevas,ROBOMASTER_VIDEO_04,1560,51.447000,B_alejandro-cuevas/ROBOMASTER_VIDEO_04/images/frame_1560.jpg,190223,b92d63ee411fc2cfbb02d211ec603e59b354122c40af3b794e662f5a8bbe6b51
B_alejandro-cuevas,Alejandro Cuevas,ROBOMASTER_VIDEO_04,1584,52.239000,B_alejandro-cuevas/ROBOMASTER_VIDEO_04/images/frame_1584.jpg,172547,5cb01e3e40b497bf6f3f42455b0885f01ae86a1da3fbf2c311cc6aab8937e3ce
B_alejandro-cuevas,Alejandro Cuevas,ROBOMASTER_VIDEO_04,1608,53.031000,B_alejandro-cuevas/ROBOMASTER_VIDEO_04/images/frame_1608.jpg,195083,88c75aa1dd69abccc29a7fa65802f0443cd2f58c9a58e88f13edb8b0b6894439
B_alejandro-cuevas,Alejandro Cuevas,ROBOMASTER_VIDEO_04,1632,53.823000,B_alejandro-cuevas/ROBOMASTER_VIDEO_04/images/frame_1632.jpg,187756,2de182237d8d27612709df6c9a565ab34e69fcc74ffe454f2e2c3970168bace1
B_alejandro-cuevas,Alejandro Cuevas,ROBOMASTER_VIDEO_04,1656,54.615000,B_alejandro-cuevas/ROBOMASTER_VIDEO_04/images/frame_1656.jpg,222026,4dd358a3897c3cc128c2f67f7809dadb23279a1a176b677d9035b4e11ce32739
B_alejandro-cuevas,Alejandro Cuevas,ROBOMASTER_VIDEO_04,1680,55.407000,B_alejandro-cuevas/ROBOMASTER_VIDEO_04/images/frame_1680.jpg,201705,9a82003d2ea4126570e9f7917992ca20c14e8895857556b3868659143442eb54
B_alejandro-cuevas,Alejandro Cuevas,ROBOMASTER_VIDEO_04,1704,56.199000,B_alejandro-cuevas/ROBOMASTER_VIDEO_04/images/frame_1704.jpg,284190,203b4c73bc7cc95e24ea69ddf78e5e5d1e9404768e566e8dd4c39103821a4896
B_alejandro-cuevas,Alejandro Cuevas,ROBOMASTER_VIDEO_04,1728,56.991000,B_alejandro-cuevas/ROBOMASTER_VIDEO_04/images/frame_1728.jpg,200828,ebbcdc8db30264b2044071c86215a42d0ca42b3f46f1e06a748cc824f6a62e26
B_alejandro-cuevas,Alejandro Cuevas,ROBOMASTER_VIDEO_04,1752,57.783000,B_alejandro-cuevas/ROBOMASTER_VIDEO_04/images/frame_1752.jpg,184714,0553a9fb2895c2d04545c51c862776ce628dfb68a157e16b50fa7737c030cd2d
B_alejandro-cuevas,Alejandro Cuevas,ROBOMASTER_VIDEO_04,1776,58.575000,B_alejandro-cuevas/ROBOMASTER_VIDEO_04/images/frame_1776.jpg,183826,3ea7f183ff42611b023ab05ad43fb2235dd0a399a7e927436d7d37879904436a
B_alejandro-cuevas,Alejandro Cuevas,ROBOMASTER_VIDEO_04,1800,59.367000,B_alejandro-cuevas/ROBOMASTER_VIDEO_04/images/frame_1800.jpg,194444,d14d840b463fee75d9aaf4e4ce29bd5fb8c1c896406480d27e3e1dbd3ade07fe
B_alejandro-cuevas,Alejandro Cuevas,ROBOMASTER_VIDEO_04,1824,60.159000,B_alejandro-cuevas/ROBOMASTER_VIDEO_04/images/frame_1824.jpg,262338,13234d00626d411223593ce9c450e107dc3f9bb7eca2a84bf6480faea229c53a
B_alejandro-cuevas,Alejandro Cuevas,ROBOMASTER_VIDEO_04,1848,60.951000,B_alejandro-cuevas/ROBOMASTER_VIDEO_04/images/frame_1848.jpg,194180,5cc051a52360326c761ba800e279922be92271e060b0f3e9613d946e57f0f72e
B_alejandro-cuevas,Alejandro Cuevas,ROBOMASTER_VIDEO_04,1872,61.743000,B_alejandro-cuevas/ROBOMASTER_VIDEO_04/images/frame_1872.jpg,220539,db7fdba3661f141cdf2b4642c0d77603b91f33d200ccaf7d80ed47aa3fee2567
B_alejandro-cuevas,Alejandro Cuevas,ROBOMASTER_VIDEO_04,1896,62.535000,B_alejandro-cuevas/ROBOMASTER_VIDEO_04/images/frame_1896.jpg,195318,d64d6b5fd75324e24f966fc15587222a855b32102b478416eb65de75f5d0b53d
B_alejandro-cuevas,Alejandro Cuevas,ROBOMASTER_VIDEO_04,1920,63.327000,B_alejandro-cuevas/ROBOMASTER_VIDEO_04/images/frame_1920.jpg,203916,f91696f93288b2e2a84a3d31923fe27095dadf5fb980531cb31bc0b96a993016
B_alejandro-cuevas,Alejandro Cuevas,ROBOMASTER_VIDEO_04,1944,64.119000,B_alejandro-cuevas/ROBOMASTER_VIDEO_04/images/frame_1944.jpg,203438,df1f34187e7b024027c579616a802a472f539e47b9546e834f2b831856570733
B_alejandro-cuevas,Alejandro Cuevas,ROBOMASTER_VIDEO_04,1968,64.911000,B_alejandro-cuevas/ROBOMASTER_VIDEO_04/images/frame_1968.jpg,205397,f3c3f7363912f65dcb4d7ae9944a1816fca2758e3088d8dff3335525ab6f6e11
B_alejandro-cuevas,Alejandro Cuevas,ROBOMASTER_VIDEO_04,1992,65.703000,B_alejandro-cuevas/ROBOMASTER_VIDEO_04/images/frame_1992.jpg,281158,acb426bd664acd578b2758381f2e415c409f237a8ab3bf3102bb952425a74de7
C_monica-fernandez,Mónica Fernández,ROBOMASTER_VIDEO_05,24,0.759000,C_monica-fernandez/ROBOMASTER_VIDEO_05/images/frame_0024.jpg,139480,3996d2271e840e79eee0ecf3e098c38ebf7de59956dc4c955dc8e632687cddbf
C_monica-fernandez,Mónica Fernández,ROBOMASTER_VIDEO_05,48,1.551000,C_monica-fernandez/ROBOMASTER_VIDEO_05/images/frame_0048.jpg,107311,b234186ebc43f636560069326e2d7c1faf846af6b83628d18d2dff15bbf2f6ec
C_monica-fernandez,Mónica Fernández,ROBOMASTER_VIDEO_05,72,2.343000,C_monica-fernandez/ROBOMASTER_VIDEO_05/images/frame_0072.jpg,94595,4cf125144cb8bb1e8892f461d8e4cae82984fa415f1e6abc2dc726eeb1cb60d9
C_monica-fernandez,Mónica Fernández,ROBOMASTER_VIDEO_05,96,3.135000,C_monica-fernandez/ROBOMASTER_VIDEO_05/images/frame_0096.jpg,90207,3e10c39fe5dc71b937d3372c124e47c240df2536ba99838c53d5b30fd31d861a
C_monica-fernandez,Mónica Fernández,ROBOMASTER_VIDEO_05,120,3.927000,C_monica-fernandez/ROBOMASTER_VIDEO_05/images/frame_0120.jpg,92211,37abcd696556dcd311675f7991ea808fea374fa22ac4c7e81608d943662bd355
C_monica-fernandez,Mónica Fernández,ROBOMASTER_VIDEO_05,144,4.719000,C_monica-fernandez/ROBOMASTER_VIDEO_05/images/frame_0144.jpg,98658,6c31c7a031cfa945d9f956139b99a22a1cf0bad21c95caaf982ba8ddc259deb6
C_monica-fernandez,Mónica Fernández,ROBOMASTER_VIDEO_05,168,5.511000,C_monica-fernandez/ROBOMASTER_VIDEO_05/images/frame_0168.jpg,100200,454183cc1ac80fe741f703d56f31e8d40eca6de4a06d93523ca94c878e979d2c
C_monica-fernandez,Mónica Fernández,ROBOMASTER_VIDEO_05,192,6.303000,C_monica-fernandez/ROBOMASTER_VIDEO_05/images/frame_0192.jpg,105026,2ced1362b9ac34e977629f17f139b1edc613d2658fb474eedafc001c31fd2379
C_monica-fernandez,Mónica Fernández,ROBOMASTER_VIDEO_05,216,7.095000,C_monica-fernandez/ROBOMASTER_VIDEO_05/images/frame_0216.jpg,114206,0062c7b4efb2498963a82ea375e9feb0abafdaed34942d33f458430ba7faf19d
C_monica-fernandez,Mónica Fernández,ROBOMASTER_VIDEO_05,240,7.887000,C_monica-fernandez/ROBOMASTER_VIDEO_05/images/frame_0240.jpg,75868,8e1a530871a8e94be2f7b0263c1754092052e864c61de95893cde652ca67653f
C_monica-fernandez,Mónica Fernández,ROBOMASTER_VIDEO_05,264,8.679000,C_monica-fernandez/ROBOMASTER_VIDEO_05/images/frame_0264.jpg,76354,d5db72769170fbb379c80d0737da0b1f677ab58300dbb4c4edbcc51262cd3ede
C_monica-fernandez,Mónica Fernández,ROBOMASTER_VIDEO_05,288,9.471000,C_monica-fernandez/ROBOMASTER_VIDEO_05/images/frame_0288.jpg,71533,d7da8f6638e52d708b9f96e795e652327af9aae0a859fb487d710ce5b7af6b55
C_monica-fernandez,Mónica Fernández,ROBOMASTER_VIDEO_05,312,10.263000,C_monica-fernandez/ROBOMASTER_VIDEO_05/images/frame_0312.jpg,86055,b5898233967b259116b4d118dde588ab1f91f006c3deb8095e8e897cbc25bef2
C_monica-fernandez,Mónica Fernández,ROBOMASTER_VIDEO_05,336,11.055000,C_monica-fernandez/ROBOMASTER_VIDEO_05/images/frame_0336.jpg,117397,fcc651b5c1285edd03316e1d87d86b0ead755d442f27548bc641918b91ecd965
C_monica-fernandez,Mónica Fernández,ROBOMASTER_VIDEO_05,360,11.847000,C_monica-fernandez/ROBOMASTER_VIDEO_05/images/frame_0360.jpg,117049,0687fe48c25f73ab30c8696fdf86ff2367e6445924765afdd932448bfb211c18
C_monica-fernandez,Mónica Fernández,ROBOMASTER_VIDEO_05,384,12.639000,C_monica-fernandez/ROBOMASTER_VIDEO_05/images/frame_0384.jpg,117762,df4b82b440bf9d43b92f2c9478ba655e5fd44296c586ac56fba8d4f17dd70079
C_monica-fernandez,Mónica Fernández,ROBOMASTER_VIDEO_05,408,13.431000,C_monica-fernandez/ROBOMASTER_VIDEO_05/images/frame_0408.jpg,91193,d4d0929eaf2e963b1c61a0e1483766034a76702fd0a09f890cfcb8dfff8f0e77
C_monica-fernandez,Mónica Fernández,ROBOMASTER_VIDEO_05,432,14.223000,C_monica-fernandez/ROBOMASTER_VIDEO_05/images/frame_0432.jpg,116783,a39fe691c06a4c0a7c67e7da0e4d8ae7f02126daa1380f5d01f5cf85dcaeaf28
C_monica-fernandez,Mónica Fernández,ROBOMASTER_VIDEO_05,456,15.015000,C_monica-fernandez/ROBOMASTER_VIDEO_05/images/frame_0456.jpg,109141,dce1b49d053b06325bdf716031bc033bb233042649b47726258285793788bd4d
C_monica-fernandez,Mónica Fernández,ROBOMASTER_VIDEO_05,480,15.807000,C_monica-fernandez/ROBOMASTER_VIDEO_05/images/frame_0480.jpg,108728,86dfd8228d33577437e1b1b04cbefb4adc790473f938e5af56a6ba5b98f4133e
C_monica-fernandez,Mónica Fernández,ROBOMASTER_VIDEO_05,504,16.599000,C_monica-fernandez/ROBOMASTER_VIDEO_05/images/frame_0504.jpg,97955,5243da9f9f5ae5b6cb2963f42f40c53f177b539c4174ae3111e351e29b8efdce
C_monica-fernandez,Mónica Fernández,ROBOMASTER_VIDEO_05,528,17.391000,C_monica-fernandez/ROBOMASTER_VIDEO_05/images/frame_0528.jpg,109760,8ac8adf3c47ee3a4269f7c265272cd428b2ed51e15e7cfefb51690c7b49c26fb
C_monica-fernandez,Mónica Fernández,ROBOMASTER_VIDEO_05,552,18.183000,C_monica-fernandez/ROBOMASTER_VIDEO_05/images/frame_0552.jpg,115998,a21e9cba726cc4c7321395c6d0316c01433313dd4c312a3a3dc199c8669eb232
C_monica-fernandez,Mónica Fernández,ROBOMASTER_VIDEO_05,576,18.975000,C_monica-fernandez/ROBOMASTER_VIDEO_05/images/frame_0576.jpg,101960,64b843460bdeb5f99b64484ae95cbfc097d6963c912b24c12a11168ff962e6e0
C_monica-fernandez,Mónica Fernández,ROBOMASTER_VIDEO_05,600,19.767000,C_monica-fernandez/ROBOMASTER_VIDEO_05/images/frame_0600.jpg,102559,09a78cb92a891a5d366a6ce00b03bff23db98f68bb0e127142f1a2496b6a1951
C_monica-fernandez,Mónica Fernández,ROBOMASTER_VIDEO_05,624,20.559000,C_monica-fernandez/ROBOMASTER_VIDEO_05/images/frame_0624.jpg,95970,2b9ed72af199ca0e7057a0270be7a9292e3e5a3ab67f85b10ca77c5278a0a272
C_monica-fernandez,Mónica Fernández,ROBOMASTER_VIDEO_05,648,21.351000,C_monica-fernandez/ROBOMASTER_VIDEO_05/images/frame_0648.jpg,100308,0aea000cc71c6ace5286984303a04c6328d8fee2dbaa7812d8282e8289f10bed
C_monica-fernandez,Mónica Fernández,ROBOMASTER_VIDEO_05,672,22.143000,C_monica-fernandez/ROBOMASTER_VIDEO_05/images/frame_0672.jpg,92876,e4f1eb2ba833c199d90390a0091d9b5b51bc315d8dafda8f7221dab3e1c7620c
C_monica-fernandez,Mónica Fernández,ROBOMASTER_VIDEO_05,696,22.935000,C_monica-fernandez/ROBOMASTER_VIDEO_05/images/frame_0696.jpg,134221,033ac8a6f50968a96df275c6c2b62c98ba337f66772d9766ab130be3906101b4
C_monica-fernandez,Mónica Fernández,ROBOMASTER_VIDEO_05,720,23.727000,C_monica-fernandez/ROBOMASTER_VIDEO_05/images/frame_0720.jpg,104371,6b80d96aab31d2f67d02b7ef929e9d8da6c5c7ba7b154cde4ecc81c5edd6d591
C_monica-fernandez,Mónica Fernández,ROBOMASTER_VIDEO_05,744,24.519000,C_monica-fernandez/ROBOMASTER_VIDEO_05/images/frame_0744.jpg,98570,95a11bdc807719e0a2fd4ac71ca2ed3449697494e5b14dce9a4c1c1f53ad578b
C_monica-fernandez,Mónica Fernández,ROBOMASTER_VIDEO_05,768,25.311000,C_monica-fernandez/ROBOMASTER_VIDEO_05/images/frame_0768.jpg,112047,cfe957aa30fc28c222412e85b76e97b36bf033697d209c38e384212369315e43
C_monica-fernandez,Mónica Fernández,ROBOMASTER_VIDEO_05,792,26.103000,C_monica-fernandez/ROBOMASTER_VIDEO_05/images/frame_0792.jpg,104219,54a6be2bf337ebd00bf191c3c4d4114c3cdec4e7a0be0f557fdc32215ea96f54
C_monica-fernandez,Mónica Fernández,ROBOMASTER_VIDEO_05,816,26.895000,C_monica-fernandez/ROBOMASTER_VIDEO_05/images/frame_0816.jpg,98598,c5c27bf79e53a9032f874276ff3b8b7fe39c36ed220e92fd722c6d1deae48e92
C_monica-fernandez,Mónica Fernández,ROBOMASTER_VIDEO_05,840,27.687000,C_monica-fernandez/ROBOMASTER_VIDEO_05/images/frame_0840.jpg,108297,057ec701dc0c55b5338a886d7f980c0b52719397980ea143cdc68f9e986d4a47
C_monica-fernandez,Mónica Fernández,ROBOMASTER_VIDEO_05,864,28.479000,C_monica-fernandez/ROBOMASTER_VIDEO_05/images/frame_0864.jpg,99947,b880e42a1a1e4d79f19052a9a472768b317748b03e5b64f7cb5809f758560e16
C_monica-fernandez,Mónica Fernández,ROBOMASTER_VIDEO_05,888,29.271000,C_monica-fernandez/ROBOMASTER_VIDEO_05/images/frame_0888.jpg,131412,be5227c7e91dd23e7847c522781bc194b7598f66a9ce0b6bec2474cdf7a4f6fc
C_monica-fernandez,Mónica Fernández,ROBOMASTER_VIDEO_05,912,30.063000,C_monica-fernandez/ROBOMASTER_VIDEO_05/images/frame_0912.jpg,96522,05378db0578cfb668a98671d7c906b183895daeb7a3cfb0ad73c342acd705e3c
C_monica-fernandez,Mónica Fernández,ROBOMASTER_VIDEO_05,936,30.855000,C_monica-fernandez/ROBOMASTER_VIDEO_05/images/frame_0936.jpg,86205,39752a6ec106439e83fb2389f8f6ac1490a0d6aae469f57c47854efc31bc5838
C_monica-fernandez,Mónica Fernández,ROBOMASTER_VIDEO_05,960,31.647000,C_monica-fernandez/ROBOMASTER_VIDEO_05/images/frame_0960.jpg,92943,b34435ad57e9b32559fd612ec94c6785cfd7004e2462e64eda0a2a94d2887320
C_monica-fernandez,Mónica Fernández,ROBOMASTER_VIDEO_05,984,32.439000,C_monica-fernandez/ROBOMASTER_VIDEO_05/images/frame_0984.jpg,102525,38989e31360469984dc2e7b42660f01a38a4b8875476a7d34c7395dacc207744
C_monica-fernandez,Mónica Fernández,ROBOMASTER_VIDEO_05,1008,33.231000,C_monica-fernandez/ROBOMASTER_VIDEO_05/images/frame_1008.jpg,100938,7d98e9e666e126268966b0d3ff6836b74d2455431dd0a68edabb7788831ce7c5
C_monica-fernandez,Mónica Fernández,ROBOMASTER_VIDEO_05,1032,34.023000,C_monica-fernandez/ROBOMASTER_VIDEO_05/images/frame_1032.jpg,90676,1ec024de87c04c657d2795939e4015b635ec86a1f11e7ad6372abb43d6f2efcb
C_monica-fernandez,Mónica Fernández,ROBOMASTER_VIDEO_05,1056,34.815000,C_monica-fernandez/ROBOMASTER_VIDEO_05/images/frame_1056.jpg,101513,df88165d983918f73f4030b19f682103951a4295632829cab81b65dc74897e52
C_monica-fernandez,Mónica Fernández,ROBOMASTER_VIDEO_05,1080,35.607000,C_monica-fernandez/ROBOMASTER_VIDEO_05/images/frame_1080.jpg,79722,b3ad39625963f9a3ce5f0e03d5494e286516747ab89e0d3378656679174679cc
C_monica-fernandez,Mónica Fernández,ROBOMASTER_VIDEO_05,1104,36.399000,C_monica-fernandez/ROBOMASTER_VIDEO_05/images/frame_1104.jpg,62717,b36ffe7a439f33e217a4f0fd3863dcb2e39234ef1f29bed8ec816c144b1fdee4
C_monica-fernandez,Mónica Fernández,ROBOMASTER_VIDEO_05,1128,37.191000,C_monica-fernandez/ROBOMASTER_VIDEO_05/images/frame_1128.jpg,87708,37c21e92f96267b90bd228ef573e3ab1e63f801a0ae6d45fb23f2354b30b751b
C_monica-fernandez,Mónica Fernández,ROBOMASTER_VIDEO_05,1152,37.983000,C_monica-fernandez/ROBOMASTER_VIDEO_05/images/frame_1152.jpg,94593,7e4ed69b8fc94a73b9f906f5db38ef6ee2ef7ad6829a6ca65e2904b8ed555892
C_monica-fernandez,Mónica Fernández,ROBOMASTER_VIDEO_05,1176,38.775000,C_monica-fernandez/ROBOMASTER_VIDEO_05/images/frame_1176.jpg,100374,790e3c0d12f7c202a6a52cfbdbfd3263078518cc8b656b81d1b28e74c425cec9
C_monica-fernandez,Mónica Fernández,ROBOMASTER_VIDEO_05,1200,39.567000,C_monica-fernandez/ROBOMASTER_VIDEO_05/images/frame_1200.jpg,83651,f1ae5611d59fcf4e677e64e3763c29df145825d8b749f965c4a52b094dcd6d7d
C_monica-fernandez,Mónica Fernández,ROBOMASTER_VIDEO_05,1224,40.359000,C_monica-fernandez/ROBOMASTER_VIDEO_05/images/frame_1224.jpg,110025,e6dafa27f9dd5a9013f63091f76eb2bf96c321e78dcff33780261afe9794423b
C_monica-fernandez,Mónica Fernández,ROBOMASTER_VIDEO_05,1248,41.151000,C_monica-fernandez/ROBOMASTER_VIDEO_05/images/frame_1248.jpg,84656,0be14eea3f90a0db77c5110d105c5e67742d31077b840a2e492cdf4bfd610061
C_monica-fernandez,Mónica Fernández,ROBOMASTER_VIDEO_05,1272,41.943000,C_monica-fernandez/ROBOMASTER_VIDEO_05/images/frame_1272.jpg,69386,f7edc8200156aeeb3f961e8ca4c6b6b989880887448f964fd3f537dcac8ebf85
C_monica-fernandez,Mónica Fernández,ROBOMASTER_VIDEO_05,1296,42.735000,C_monica-fernandez/ROBOMASTER_VIDEO_05/images/frame_1296.jpg,67091,6abf5a2c2e24d93f284cf3f9bb6a8025f5c70ab884a26b1d44a8cf4d420265b6
C_monica-fernandez,Mónica Fernández,ROBOMASTER_VIDEO_05,1320,43.527000,C_monica-fernandez/ROBOMASTER_VIDEO_05/images/frame_1320.jpg,82945,6fa354ef0480926e1a8b2e80410da64832abd4bbd78c9c8de1f7d190ff74bd95
C_monica-fernandez,Mónica Fernández,ROBOMASTER_VIDEO_05,1344,44.319000,C_monica-fernandez/ROBOMASTER_VIDEO_05/images/frame_1344.jpg,92023,50de56680acd6951e9b31eb7eb345a4342b0e481b4180f6e2ecaf632a2983240
C_monica-fernandez,Mónica Fernández,ROBOMASTER_VIDEO_05,1368,45.111000,C_monica-fernandez/ROBOMASTER_VIDEO_05/images/frame_1368.jpg,101433,8d687296e9a101bff86f2f78f5b98268a634a2b820ee35443c7846e49ddc4ce8
C_monica-fernandez,Mónica Fernández,ROBOMASTER_VIDEO_05,1392,45.903000,C_monica-fernandez/ROBOMASTER_VIDEO_05/images/frame_1392.jpg,93348,47f121f69995406b2ca0a083f4108ebee76c262a3b79343f55af834239b2eee8
C_monica-fernandez,Mónica Fernández,ROBOMASTER_VIDEO_05,1416,46.695000,C_monica-fernandez/ROBOMASTER_VIDEO_05/images/frame_1416.jpg,97830,9c3de1d2029c2acce5a58c88ffd139ed36c4dc52d06930afb51b14bafb117285
C_monica-fernandez,Mónica Fernández,ROBOMASTER_VIDEO_05,1440,47.487000,C_monica-fernandez/ROBOMASTER_VIDEO_05/images/frame_1440.jpg,95509,27514d3bf0988fddc38a8f5c3bd6187f23f308450c70b85d666aedababc79bce
C_monica-fernandez,Mónica Fernández,ROBOMASTER_VIDEO_05,1464,48.279000,C_monica-fernandez/ROBOMASTER_VIDEO_05/images/frame_1464.jpg,116477,0385aa59fd43f6651fc6fd78b4c18a006d5619ea593d761fe11682af7020d558
C_monica-fernandez,Mónica Fernández,ROBOMASTER_VIDEO_05,1488,49.071000,C_monica-fernandez/ROBOMASTER_VIDEO_05/images/frame_1488.jpg,93084,7f83f7482ca85d29e9d3b1bc74a07dbf3b46376eadbaf62ea3718bf20bb5504b
C_monica-fernandez,Mónica Fernández,ROBOMASTER_VIDEO_05,1512,49.863000,C_monica-fernandez/ROBOMASTER_VIDEO_05/images/frame_1512.jpg,93934,5fc0963d59c0da0a4a7846b756c6ee7f3b752e28728672bbf11dc24cbebf77be
C_monica-fernandez,Mónica Fernández,ROBOMASTER_VIDEO_05,1536,50.655000,C_monica-fernandez/ROBOMASTER_VIDEO_05/images/frame_1536.jpg,95626,680401255528c45ac07987b9c482f4e855d0bb675cf9948b7cdd5ac71637d118
C_monica-fernandez,Mónica Fernández,ROBOMASTER_VIDEO_05,1560,51.447000,C_monica-fernandez/ROBOMASTER_VIDEO_05/images/frame_1560.jpg,94508,0479d8ee20cf2e36bd10cbd06bfb96994913ec8cd4e2cc27cc6f935fb915034b
C_monica-fernandez,Mónica Fernández,ROBOMASTER_VIDEO_05,1584,52.239000,C_monica-fernandez/ROBOMASTER_VIDEO_05/images/frame_1584.jpg,92546,2c3d0efdeb54ca74a28ac26918efb195e9a9a4626033cb045b0b8d09fe1a0fbb
C_monica-fernandez,Mónica Fernández,ROBOMASTER_VIDEO_05,1608,53.031000,C_monica-fernandez/ROBOMASTER_VIDEO_05/images/frame_1608.jpg,108242,7e02216b6920549349bc1f0f192e79ecbb59753dea32a97546ecddf6a550fd71
C_monica-fernandez,Mónica Fernández,ROBOMASTER_VIDEO_05,1632,53.823000,C_monica-fernandez/ROBOMASTER_VIDEO_05/images/frame_1632.jpg,101918,8e27ec3add7694fd000ec403443c57814cd1074dd5e7c66f6797be02158d04c9
C_monica-fernandez,Mónica Fernández,ROBOMASTER_VIDEO_05,1656,54.615000,C_monica-fernandez/ROBOMASTER_VIDEO_05/images/frame_1656.jpg,103194,2663087f6e876d82ffdaaf406d608e970e4e8487e62fd3c2af761ead43ac9669
C_monica-fernandez,Mónica Fernández,ROBOMASTER_VIDEO_05,1680,55.407000,C_monica-fernandez/ROBOMASTER_VIDEO_05/images/frame_1680.jpg,99115,03eeb75c597c3a3c8f7bb6e48e6b4da9f77580a6124e8e8d10e56ace594e2bd8
C_monica-fernandez,Mónica Fernández,ROBOMASTER_VIDEO_05,1704,56.199000,C_monica-fernandez/ROBOMASTER_VIDEO_05/images/frame_1704.jpg,91467,ddf8751b77e5c9a77fdac590a2e1878f3b971a9ddd307703c4cbf2c5d707b4e0
C_monica-fernandez,Mónica Fernández,ROBOMASTER_VIDEO_05,1728,56.991000,C_monica-fernandez/ROBOMASTER_VIDEO_05/images/frame_1728.jpg,94017,fdccef064a19729905620f9bd927474a593669c820839a2477a55cab9e398735
C_monica-fernandez,Mónica Fernández,ROBOMASTER_VIDEO_05,1752,57.783000,C_monica-fernandez/ROBOMASTER_VIDEO_05/images/frame_1752.jpg,90202,77d6201f0704348ff943e719e5113b4f8951b1ce5e893aabb8677be7bdcbc982
C_monica-fernandez,Mónica Fernández,ROBOMASTER_VIDEO_05,1776,58.575000,C_monica-fernandez/ROBOMASTER_VIDEO_05/images/frame_1776.jpg,100685,50619d4df20f32f680816d7ca3b4b53d46a2b4440653f1753bd744fb33334bb6
C_monica-fernandez,Mónica Fernández,ROBOMASTER_VIDEO_05,1800,59.367000,C_monica-fernandez/ROBOMASTER_VIDEO_05/images/frame_1800.jpg,144209,f506fea207027e18a5cd6e73f6afd9e48a3a67df7c052657e0112ae28ef26756
C_monica-fernandez,Mónica Fernández,ROBOMASTER_VIDEO_06,24,0.759000,C_monica-fernandez/ROBOMASTER_VIDEO_06/images/frame_0024.jpg,190385,bd6bf6676da822c853871053e7bcf31bcf4399ee58e3bf40964113cd5e8c62a4
C_monica-fernandez,Mónica Fernández,ROBOMASTER_VIDEO_06,48,1.551000,C_monica-fernandez/ROBOMASTER_VIDEO_06/images/frame_0048.jpg,149275,123c95560a66a3b7c2787d7d94a952b4a8734a196469b87873b0d4c24a222581
C_monica-fernandez,Mónica Fernández,ROBOMASTER_VIDEO_06,72,2.343000,C_monica-fernandez/ROBOMASTER_VIDEO_06/images/frame_0072.jpg,106924,f01b33d1b9272347fff0281a4fe2f952773a4fe0d364894a8305009bd2cfe66c
C_monica-fernandez,Mónica Fernández,ROBOMASTER_VIDEO_06,96,3.135000,C_monica-fernandez/ROBOMASTER_VIDEO_06/images/frame_0096.jpg,110122,d3ad18a9c5966e55986eaca54cd403da69ac1b5e50acdc677036a6929d42e6e5
C_monica-fernandez,Mónica Fernández,ROBOMASTER_VIDEO_06,120,3.927000,C_monica-fernandez/ROBOMASTER_VIDEO_06/images/frame_0120.jpg,127217,1a3438ab366fa460353cf208d2b15b1363e101b62b3f0982670bb2bfb6df7f05
C_monica-fernandez,Mónica Fernández,ROBOMASTER_VIDEO_06,144,4.719000,C_monica-fernandez/ROBOMASTER_VIDEO_06/images/frame_0144.jpg,126278,881a100049cc451477a16e83d77c8c45a0a5c385fce713526a5094db5d4cbc27
C_monica-fernandez,Mónica Fernández,ROBOMASTER_VIDEO_06,168,5.511000,C_monica-fernandez/ROBOMASTER_VIDEO_06/images/frame_0168.jpg,127002,106a1d69e96241ddfaca6a69fa7ecb7d0189a1461916e8b97791347dd5863510
C_monica-fernandez,Mónica Fernández,ROBOMASTER_VIDEO_06,192,6.303000,C_monica-fernandez/ROBOMASTER_VIDEO_06/images/frame_0192.jpg,124646,475392fc4ff7a8a15b4635e60ca3a51118531c0f8d6bc754f5f1f885fd3b9ba6
C_monica-fernandez,Mónica Fernández,ROBOMASTER_VIDEO_06,216,7.095000,C_monica-fernandez/ROBOMASTER_VIDEO_06/images/frame_0216.jpg,126208,d85ac547f2972653d6333b375503ea6d2345df4e786a061164e2eb43ebc392db
C_monica-fernandez,Mónica Fernández,ROBOMASTER_VIDEO_06,240,7.887000,C_monica-fernandez/ROBOMASTER_VIDEO_06/images/frame_0240.jpg,119216,09a43ca090ccdcd4e5a6b1cb7d74fdc06ae23e97f2d5dea8716e5fccb91775a4
C_monica-fernandez,Mónica Fernández,ROBOMASTER_VIDEO_06,264,8.679000,C_monica-fernandez/ROBOMASTER_VIDEO_06/images/frame_0264.jpg,169798,f300df1391b3f3390a4d5aa4f8bedf91553e59966d9650822ba541a19b74cf51
C_monica-fernandez,Mónica Fernández,ROBOMASTER_VIDEO_06,288,9.471000,C_monica-fernandez/ROBOMASTER_VIDEO_06/images/frame_0288.jpg,148538,58ce4ab51c6ea34468a2f7de23f3a0243aa5da3094139e32d99d2c7cec4fb696
C_monica-fernandez,Mónica Fernández,ROBOMASTER_VIDEO_06,312,10.263000,C_monica-fernandez/ROBOMASTER_VIDEO_06/images/frame_0312.jpg,127696,a5fedf14e3789d5f6c8cdb466ea06c950b6a4503a9e8b4a4dcc25e77c16cb5ff
C_monica-fernandez,Mónica Fernández,ROBOMASTER_VIDEO_06,336,11.055000,C_monica-fernandez/ROBOMASTER_VIDEO_06/images/frame_0336.jpg,158296,84863e72383479cdbdcbeb4fed6bae932543e5f45b4a8bb5a9bc8e356ed6eb5f
C_monica-fernandez,Mónica Fernández,ROBOMASTER_VIDEO_06,360,11.847000,C_monica-fernandez/ROBOMASTER_VIDEO_06/images/frame_0360.jpg,181597,a19112a0dcfa08378d45c37813e9dc4816ccbe05def82fe702352461000c0e7d
C_monica-fernandez,Mónica Fernández,ROBOMASTER_VIDEO_06,384,12.639000,C_monica-fernandez/ROBOMASTER_VIDEO_06/images/frame_0384.jpg,161986,ee734902065a4fce63f52ba013f6b60362c7e45c33f948358dd1dc599e6d8817
C_monica-fernandez,Mónica Fernández,ROBOMASTER_VIDEO_06,408,13.431000,C_monica-fernandez/ROBOMASTER_VIDEO_06/images/frame_0408.jpg,128552,f5558150cb2230950a9d86032df2dcb496d39d00ab42f7d7341945ea3920bf8e
C_monica-fernandez,Mónica Fernández,ROBOMASTER_VIDEO_06,432,14.223000,C_monica-fernandez/ROBOMASTER_VIDEO_06/images/frame_0432.jpg,127358,84f012a5a4a2c2affe9fbb06ccfdca6e1e039a54cb7da4a1e715c1e05a2b74f5
C_monica-fernandez,Mónica Fernández,ROBOMASTER_VIDEO_06,456,15.015000,C_monica-fernandez/ROBOMASTER_VIDEO_06/images/frame_0456.jpg,129602,4a70779bf1962812f01c0312275819b1c6a6cfa627fa0c2a02f281cb58a271af
C_monica-fernandez,Mónica Fernández,ROBOMASTER_VIDEO_06,480,15.807000,C_monica-fernandez/ROBOMASTER_VIDEO_06/images/frame_0480.jpg,167828,6f9020d5034134e296b86408fb9ecadd54fe99ab4c38597f721ff6bd0443c58a
C_monica-fernandez,Mónica Fernández,ROBOMASTER_VIDEO_06,504,16.599000,C_monica-fernandez/ROBOMASTER_VIDEO_06/images/frame_0504.jpg,140211,bcf60e8fb3fbffcec2218471a9af870af17f4b7869cdd247ba4531411a615f0a
C_monica-fernandez,Mónica Fernández,ROBOMASTER_VIDEO_06,528,17.391000,C_monica-fernandez/ROBOMASTER_VIDEO_06/images/frame_0528.jpg,146092,a8f600f9e813975b43911e04d65abdb160c0f84b4c4ff2fbdd93aefcc62363d0
C_monica-fernandez,Mónica Fernández,ROBOMASTER_VIDEO_06,552,18.183000,C_monica-fernandez/ROBOMASTER_VIDEO_06/images/frame_0552.jpg,132411,512641ecd6a8bcffcefc30c0a762d00b9c31270dfefab00c9da29498d7766367
C_monica-fernandez,Mónica Fernández,ROBOMASTER_VIDEO_06,576,18.975000,C_monica-fernandez/ROBOMASTER_VIDEO_06/images/frame_0576.jpg,155319,817a0595abb6094937ef51fa744534b3ef8bbd4ad54758ef05c04276b4e80608
C_monica-fernandez,Mónica Fernández,ROBOMASTER_VIDEO_06,600,19.767000,C_monica-fernandez/ROBOMASTER_VIDEO_06/images/frame_0600.jpg,174561,d710400b792b7bbbd15fcc217516dc7c504db791886d997e03a11e6b608714e6
C_monica-fernandez,Mónica Fernández,ROBOMASTER_VIDEO_06,624,20.559000,C_monica-fernandez/ROBOMASTER_VIDEO_06/images/frame_0624.jpg,166469,4815b309ee517a2d6f1fa157431f102e471870d39114dc0243ef05e7f0c07cc1
C_monica-fernandez,Mónica Fernández,ROBOMASTER_VIDEO_06,648,21.351000,C_monica-fernandez/ROBOMASTER_VIDEO_06/images/frame_0648.jpg,228833,19cb8e26968c7603b78474547ed4197f94ef2b603e6dd92bf2e36404de82885f
C_monica-fernandez,Mónica Fernández,ROBOMASTER_VIDEO_06,672,22.143000,C_monica-fernandez/ROBOMASTER_VIDEO_06/images/frame_0672.jpg,186006,2b43f14a77d5391eeca679b9726e4e6d747763286a873f2060779ab3fd20c07e
C_monica-fernandez,Mónica Fernández,ROBOMASTER_VIDEO_06,696,22.935000,C_monica-fernandez/ROBOMASTER_VIDEO_06/images/frame_0696.jpg,161622,b3624912df059490b63264a8107812883a92537314b4a270f34d614cf9a673a3
C_monica-fernandez,Mónica Fernández,ROBOMASTER_VIDEO_06,720,23.727000,C_monica-fernandez/ROBOMASTER_VIDEO_06/images/frame_0720.jpg,116025,f5ce9de148e7463c276efb7b9513f27bc11abbc36e2fadd6339cc11484bad553
C_monica-fernandez,Mónica Fernández,ROBOMASTER_VIDEO_06,744,24.519000,C_monica-fernandez/ROBOMASTER_VIDEO_06/images/frame_0744.jpg,125677,ed27d58615d1082970a92c1aa6fc53170df3ed0db81adffcef022f9b1cda45de
C_monica-fernandez,Mónica Fernández,ROBOMASTER_VIDEO_06,768,25.311000,C_monica-fernandez/ROBOMASTER_VIDEO_06/images/frame_0768.jpg,104365,8fe9becce267d11048a3f9f2a0eb7004e2dc910115acd7181b3d17b44b46784b
C_monica-fernandez,Mónica Fernández,ROBOMASTER_VIDEO_06,792,26.103000,C_monica-fernandez/ROBOMASTER_VIDEO_06/images/frame_0792.jpg,168544,c66cb70f5cbd797f7820a19a40048ebaf85cbc8c31c187ec738b97697e1dd2a9
C_monica-fernandez,Mónica Fernández,ROBOMASTER_VIDEO_06,816,26.895000,C_monica-fernandez/ROBOMASTER_VIDEO_06/images/frame_0816.jpg,123332,9731ddba4974a0c3ce737363fb85afec0e20245ea816de73a85c87e87fb25ef6
C_monica-fernandez,Mónica Fernández,ROBOMASTER_VIDEO_06,840,27.687000,C_monica-fernandez/ROBOMASTER_VIDEO_06/images/frame_0840.jpg,125234,d7d7311b59f40edbcb9d37bdc84d12004e46c0fd25b161b8879a9fdc6a98ccac
C_monica-fernandez,Mónica Fernández,ROBOMASTER_VIDEO_06,864,28.479000,C_monica-fernandez/ROBOMASTER_VIDEO_06/images/frame_0864.jpg,185536,bffcf876009f6f3d5a19128dca784da0ae3581e5bf39834856481ef592257881
C_monica-fernandez,Mónica Fernández,ROBOMASTER_VIDEO_06,888,29.271000,C_monica-fernandez/ROBOMASTER_VIDEO_06/images/frame_0888.jpg,132920,2d2ca1c50ce02c0f590c3b884365f472be90b8fa7647886b010e4a0e2eb17062
C_monica-fernandez,Mónica Fernández,ROBOMASTER_VIDEO_06,912,30.063000,C_monica-fernandez/ROBOMASTER_VIDEO_06/images/frame_0912.jpg,150481,ca6220a5f8e23a7d77e96af6cbd49b748c64c109d0f3888eade340aab687c882
C_monica-fernandez,Mónica Fernández,ROBOMASTER_VIDEO_06,936,30.855000,C_monica-fernandez/ROBOMASTER_VIDEO_06/images/frame_0936.jpg,142860,119a93cdf9724cd4f7b6a04b31bbd7f7b9b62abbc0626b636d9593f61ff2368d
C_monica-fernandez,Mónica Fernández,ROBOMASTER_VIDEO_06,960,31.647000,C_monica-fernandez/ROBOMASTER_VIDEO_06/images/frame_0960.jpg,195389,3300b0b379c642f85a744c17c7bbbfa1505fcc7f8a63659dbc9aec5d31b03934
C_monica-fernandez,Mónica Fernández,ROBOMASTER_VIDEO_06,984,32.439000,C_monica-fernandez/ROBOMASTER_VIDEO_06/images/frame_0984.jpg,198847,e04a81c352263d065dd663d1373a57236df65611234abb948fb5ef6a4200684c
C_monica-fernandez,Mónica Fernández,ROBOMASTER_VIDEO_06,1008,33.231000,C_monica-fernandez/ROBOMASTER_VIDEO_06/images/frame_1008.jpg,138905,18bc7c61a1f878d0163813febbcd229ac4f9483f6938571396c4f20380c578a8
C_monica-fernandez,Mónica Fernández,ROBOMASTER_VIDEO_06,1032,34.023000,C_monica-fernandez/ROBOMASTER_VIDEO_06/images/frame_1032.jpg,79254,42dc11f40b6bd6d0df585551026c43233122ffb100bce490d0b03e79ebca53ed
C_monica-fernandez,Mónica Fernández,ROBOMASTER_VIDEO_06,1056,34.815000,C_monica-fernandez/ROBOMASTER_VIDEO_06/images/frame_1056.jpg,110911,d1cf1c3728d2c403200ded694db69a6440d3558ea8bf2bb17578b0c73304fefd
C_monica-fernandez,Mónica Fernández,ROBOMASTER_VIDEO_06,1080,35.607000,C_monica-fernandez/ROBOMASTER_VIDEO_06/images/frame_1080.jpg,104314,40f26a7b801972bb2068b21ce9da87c9769e837a3be2523c2b38b7da8b79b687
C_monica-fernandez,Mónica Fernández,ROBOMASTER_VIDEO_06,1104,36.399000,C_monica-fernandez/ROBOMASTER_VIDEO_06/images/frame_1104.jpg,175564,f87468a94ec5be3236365ab9f292cded13d9208d8eda9277c030381a8ab904ff
C_monica-fernandez,Mónica Fernández,ROBOMASTER_VIDEO_06,1128,37.191000,C_monica-fernandez/ROBOMASTER_VIDEO_06/images/frame_1128.jpg,132501,f37a4f342fb2c129d0c4505b0a1c85ce10d3b1eb88f0e4f352cbb6f93ac192cd
C_monica-fernandez,Mónica Fernández,ROBOMASTER_VIDEO_06,1152,37.983000,C_monica-fernandez/ROBOMASTER_VIDEO_06/images/frame_1152.jpg,166580,39efb21f113ccb070d03bb4f1f7b132f773c9aa419b4b9d7fde6d2323110382f
C_monica-fernandez,Mónica Fernández,ROBOMASTER_VIDEO_06,1176,38.775000,C_monica-fernandez/ROBOMASTER_VIDEO_06/images/frame_1176.jpg,183116,38f95bee5db58bb307efc0f65dd64e37b483b5410a38a2d31ca822f4117eff9a
C_monica-fernandez,Mónica Fernández,ROBOMASTER_VIDEO_06,1200,39.567000,C_monica-fernandez/ROBOMASTER_VIDEO_06/images/frame_1200.jpg,179660,6a752e7923daa6d9f6b42dd03b597fd67466bae8006617945b019d19830fecce
C_monica-fernandez,Mónica Fernández,ROBOMASTER_VIDEO_06,1224,40.359000,C_monica-fernandez/ROBOMASTER_VIDEO_06/images/frame_1224.jpg,173363,b876e3e7e37650049eac5ad24cb3602bbb1f6d86e31c0995a189ef1b53d95caa
C_monica-fernandez,Mónica Fernández,ROBOMASTER_VIDEO_06,1248,41.151000,C_monica-fernandez/ROBOMASTER_VIDEO_06/images/frame_1248.jpg,166257,b2faaefcb1556b4c84bc404b51063b739f7aaa44e2cb31291f72303fdc493e51
C_monica-fernandez,Mónica Fernández,ROBOMASTER_VIDEO_06,1272,41.943000,C_monica-fernandez/ROBOMASTER_VIDEO_06/images/frame_1272.jpg,96079,dcd3655fa4caf917bf494a9bb8eccf5507c93bcdd0072025c2ca5945e3a51652
C_monica-fernandez,Mónica Fernández,ROBOMASTER_VIDEO_06,1296,42.735000,C_monica-fernandez/ROBOMASTER_VIDEO_06/images/frame_1296.jpg,146156,13f860a849327760f2f8d622897640063916152d32124b599dcc9515a71e77de
C_monica-fernandez,Mónica Fernández,ROBOMASTER_VIDEO_06,1320,43.527000,C_monica-fernandez/ROBOMASTER_VIDEO_06/images/frame_1320.jpg,117107,9c57e0e831141e457c96b72d3c9ba59ec60401de2b300dddddf87feff38b4a41
C_monica-fernandez,Mónica Fernández,ROBOMASTER_VIDEO_06,1344,44.319000,C_monica-fernandez/ROBOMASTER_VIDEO_06/images/frame_1344.jpg,112657,24dbd0abb45a76a7cbb0debc8498feea39774b6b900cee6d529462f0a858c3c4
C_monica-fernandez,Mónica Fernández,ROBOMASTER_VIDEO_06,1368,45.111000,C_monica-fernandez/ROBOMASTER_VIDEO_06/images/frame_1368.jpg,125731,ba125da08e14dfdacecf5b950a877a8e380f7d3bf25435f86ed2a29ba47c0bf7
C_monica-fernandez,Mónica Fernández,ROBOMASTER_VIDEO_06,1392,45.903000,C_monica-fernandez/ROBOMASTER_VIDEO_06/images/frame_1392.jpg,162240,354f1e113dc3e1f074fb1920ace0c57522f78d1323b16cbc181754210d243779
C_monica-fernandez,Mónica Fernández,ROBOMASTER_VIDEO_06,1416,46.695000,C_monica-fernandez/ROBOMASTER_VIDEO_06/images/frame_1416.jpg,158779,67d13c3f276db10ff0235f5cb72cd1f9c5ceebb870da5000b9beb468b1e4709e
C_monica-fernandez,Mónica Fernández,ROBOMASTER_VIDEO_06,1440,47.487000,C_monica-fernandez/ROBOMASTER_VIDEO_06/images/frame_1440.jpg,130936,b107cb62a04c48ce1d4f55e957596d2ce859a0272acb572495c1f2a063fcdd11
C_monica-fernandez,Mónica Fernández,ROBOMASTER_VIDEO_06,1464,48.279000,C_monica-fernandez/ROBOMASTER_VIDEO_06/images/frame_1464.jpg,154848,6cdd735431ef477458aff40c3acfbbedefe39d2eba72b2d695cca1d5a39fa6a0
C_monica-fernandez,Mónica Fernández,ROBOMASTER_VIDEO_06,1488,49.071000,C_monica-fernandez/ROBOMASTER_VIDEO_06/images/frame_1488.jpg,92952,75d16427e4fe1ed22a0ac71b47c9fcd11346abe528e00e7d0435386abd569a98
C_monica-fernandez,Mónica Fernández,ROBOMASTER_VIDEO_06,1512,49.863000,C_monica-fernandez/ROBOMASTER_VIDEO_06/images/frame_1512.jpg,129462,9d9324fd5f36895d52ea8e489ee69770906c9a985690be5e41ac537b7b445787
C_monica-fernandez,Mónica Fernández,ROBOMASTER_VIDEO_06,1536,50.655000,C_monica-fernandez/ROBOMASTER_VIDEO_06/images/frame_1536.jpg,92547,0557661effc905894b4fe8a02d8db2931752b002b9cb58d35f8a742a8207b597
C_monica-fernandez,Mónica Fernández,ROBOMASTER_VIDEO_06,1560,51.447000,C_monica-fernandez/ROBOMASTER_VIDEO_06/images/frame_1560.jpg,125189,8610843a37d3ddd7bd8bae91405ced7d52bb01cf73e1dcde9ba55f25f162a114
C_monica-fernandez,Mónica Fernández,ROBOMASTER_VIDEO_06,1584,52.239000,C_monica-fernandez/ROBOMASTER_VIDEO_06/images/frame_1584.jpg,151653,1ba25bafe30cced52b839b2c217a9d10f3b8a5b0c485f71b76df55f7d0f01a23
C_monica-fernandez,Mónica Fernández,ROBOMASTER_VIDEO_06,1608,53.031000,C_monica-fernandez/ROBOMASTER_VIDEO_06/images/frame_1608.jpg,142870,36739c97aebef7ed9bc9b381aada0749a37adb5316bf2209a7986a717f9286a3
C_monica-fernandez,Mónica Fernández,ROBOMASTER_VIDEO_06,1632,53.823000,C_monica-fernandez/ROBOMASTER_VIDEO_06/images/frame_1632.jpg,105997,173cc689dc46e185f5ac7fa21fc3a976f2d42900a8bba99dd7b389b7d9c8d455
C_monica-fernandez,Mónica Fernández,ROBOMASTER_VIDEO_06,1656,54.615000,C_monica-fernandez/ROBOMASTER_VIDEO_06/images/frame_1656.jpg,108286,426d122c68a168724a8e211bc0bb439d484046be47b43bdcc77c34e0a65beb92
C_monica-fernandez,Mónica Fernández,ROBOMASTER_VIDEO_06,1680,55.407000,C_monica-fernandez/ROBOMASTER_VIDEO_06/images/frame_1680.jpg,148396,84717fd6ee23dfcf51b2c2d7d4eebb115ce2a421f828d4f0fc959d02abcf6bb4
C_monica-fernandez,Mónica Fernández,ROBOMASTER_VIDEO_06,1704,56.199000,C_monica-fernandez/ROBOMASTER_VIDEO_06/images/frame_1704.jpg,120793,8418a109a784e7f7d4a608386e18e86d42b5ec62900e403f83dc45a0533559f0
C_monica-fernandez,Mónica Fernández,ROBOMASTER_VIDEO_06,1728,56.991000,C_monica-fernandez/ROBOMASTER_VIDEO_06/images/frame_1728.jpg,135565,2793ae04bd454a584e1edd837a91ecdde9b4dc067981236f70f408af6281982f
C_monica-fernandez,Mónica Fernández,ROBOMASTER_VIDEO_06,1752,57.783000,C_monica-fernandez/ROBOMASTER_VIDEO_06/images/frame_1752.jpg,160297,ff34f7c11bacc9483b28b6d23a20abee76205da66ea5fb339705b17bebf7db50
C_monica-fernandez,Mónica Fernández,ROBOMASTER_VIDEO_06,1776,58.575000,C_monica-fernandez/ROBOMASTER_VIDEO_06/images/frame_1776.jpg,199417,db4f4d6da2b5089a3671a129d4d5e2614469ce9332f8a39767878887498a4482
C_monica-fernandez,Mónica Fernández,ROBOMASTER_VIDEO_06,1800,59.367000,C_monica-fernandez/ROBOMASTER_VIDEO_06/images/frame_1800.jpg,168111,96c6dd6b99f2d02ec8a2635ffbc031ffa7453fe24f1cead89987c988d926ec88
C_monica-fernandez,Mónica Fernández,ROBOMASTER_VIDEO_06,1824,60.159000,C_monica-fernandez/ROBOMASTER_VIDEO_06/images/frame_1824.jpg,181032,c1cc056c42948df1f52633a87df4da9bd6beb5b17adaa503df952ac31fcad810
C_monica-fernandez,Mónica Fernández,ROBOMASTER_VIDEO_06,1848,60.951000,C_monica-fernandez/ROBOMASTER_VIDEO_06/images/frame_1848.jpg,153867,975a60a7b7f1667f734f520684d7204363ebd9e7b143968bea07f190afc5bead
C_monica-fernandez,Mónica Fernández,ROBOMASTER_VIDEO_06,1872,61.743000,C_monica-fernandez/ROBOMASTER_VIDEO_06/images/frame_1872.jpg,150320,b1947c2a78a5a87790349ed021ce4b4e235db98226dc499de624e7fe2ddbec2b
C_monica-fernandez,Mónica Fernández,ROBOMASTER_VIDEO_06,1896,62.535000,C_monica-fernandez/ROBOMASTER_VIDEO_06/images/frame_1896.jpg,143732,d48d0f998f7a85dce0bfc147cd30f6db7eebed7a05d55447680ff9975c91a510
C_monica-fernandez,Mónica Fernández,ROBOMASTER_VIDEO_06,1920,63.327000,C_monica-fernandez/ROBOMASTER_VIDEO_06/images/frame_1920.jpg,153415,24e6a09a39a434de4d8ee785e5d83380e4ed45798e2e7c2a1c402ce5d55af19c
C_monica-fernandez,Mónica Fernández,ROBOMASTER_VIDEO_06,1944,64.119000,C_monica-fernandez/ROBOMASTER_VIDEO_06/images/frame_1944.jpg,194428,cc79f265e46e284f4ba925edb697293b1bfce9f262bb7cc79e67f891991f1eed
C_monica-fernandez,Mónica Fernández,ROBOMASTER_VIDEO_06,1968,64.911000,C_monica-fernandez/ROBOMASTER_VIDEO_06/images/frame_1968.jpg,132815,798579158293c6c33ba31b6a70785fbebbf7ba2307ddd25d0d999d37f999f832
C_monica-fernandez,Mónica Fernández,ROBOMASTER_VIDEO_06,1992,65.703000,C_monica-fernandez/ROBOMASTER_VIDEO_06/images/frame_1992.jpg,143170,db9a8d3cd78d862b0c9853f996e83729fbbee335f7cc69e3105fc02468014bf3
C_monica-fernandez,Mónica Fernández,ROBOMASTER_VIDEO_06,2016,66.495000,C_monica-fernandez/ROBOMASTER_VIDEO_06/images/frame_2016.jpg,136892,4b099b6ca44565a18d16eca74d3a5533b19a40a978b7cfdd09a23c5b12e193dc
C_monica-fernandez,Mónica Fernández,ROBOMASTER_VIDEO_06,2040,67.287000,C_monica-fernandez/ROBOMASTER_VIDEO_06/images/frame_2040.jpg,131638,cd7eee6b3774254180b2963fe6ef35ce7b85e5f22ed0b498efb9b6b40be0b847
C_monica-fernandez,Mónica Fernández,ROBOMASTER_VIDEO_06,2064,68.079000,C_monica-fernandez/ROBOMASTER_VIDEO_06/images/frame_2064.jpg,104276,df364b7bd043309e709fc69658e761cd85b8ff4bf472a9d173cf00f0047991e1
C_monica-fernandez,Mónica Fernández,ROBOMASTER_VIDEO_06,2088,68.871000,C_monica-fernandez/ROBOMASTER_VIDEO_06/images/frame_2088.jpg,105106,6af84f5b8a88ea6d252a322ecb7aaa6150c616ed1bac97cb45152965838d5955
C_monica-fernandez,Mónica Fernández,ROBOMASTER_VIDEO_06,2112,69.663000,C_monica-fernandez/ROBOMASTER_VIDEO_06/images/frame_2112.jpg,119837,e16beaa1bc89eb2796c56cf693c4ac119c889c69b5281579dfd35ad171ed9d42
C_monica-fernandez,Mónica Fernández,ROBOMASTER_VIDEO_06,2136,70.455000,C_monica-fernandez/ROBOMASTER_VIDEO_06/images/frame_2136.jpg,122525,e472cbea6befd4ee948d80eb5422baa308df87ab49ffac7e01d915a435e55443
C_monica-fernandez,Mónica Fernández,ROBOMASTER_VIDEO_06,2160,71.247000,C_monica-fernandez/ROBOMASTER_VIDEO_06/images/frame_2160.jpg,169506,c3d7f9e3d115c0692affb6317f9afa633ca66963889c3cf725a27be26abad46f
C_monica-fernandez,Mónica Fernández,ROBOMASTER_VIDEO_06,2184,72.039000,C_monica-fernandez/ROBOMASTER_VIDEO_06/images/frame_2184.jpg,118252,01de6dd4b15aa53ed9862f53116017ea6fff8a24f168ed96f7bda3b2cddaab71
C_monica-fernandez,Mónica Fernández,ROBOMASTER_VIDEO_06,2208,72.831000,C_monica-fernandez/ROBOMASTER_VIDEO_06/images/frame_2208.jpg,135669,27c709766b3e818b380f255c4c4bed9009ac8edfa8a5f62fb272c980f46c0dd9
C_monica-fernandez,Mónica Fernández,ROBOMASTER_VIDEO_06,2232,73.623000,C_monica-fernandez/ROBOMASTER_VIDEO_06/images/frame_2232.jpg,131076,5ae17297fc7244422ec0a80cb1c851da56aab8b7c90c3e5cd5e955f80bfce524
D_pedro-orrego,Pedro José Orrego,ROBOMASTER_VIDEO_07,24,0.759000,D_pedro-orrego/ROBOMASTER_VIDEO_07/images/frame_0024.jpg,132448,a6b89496fd58e77a5a208b2f396043a1497d03bf347836a7d61250291ba731c0
D_pedro-orrego,Pedro José Orrego,ROBOMASTER_VIDEO_07,48,1.551000,D_pedro-orrego/ROBOMASTER_VIDEO_07/images/frame_0048.jpg,155928,c40b7e23db07707b9bf97b4b906003aa8f11c587a148c8058002ff0fa3ff0ce9
D_pedro-orrego,Pedro José Orrego,ROBOMASTER_VIDEO_07,72,2.343000,D_pedro-orrego/ROBOMASTER_VIDEO_07/images/frame_0072.jpg,154235,66fa0adfa72ad59fcc1f6f336009fd97e9d3c6070dfcfa52720725863e1fd921
D_pedro-orrego,Pedro José Orrego,ROBOMASTER_VIDEO_07,96,3.135000,D_pedro-orrego/ROBOMASTER_VIDEO_07/images/frame_0096.jpg,137901,4217fdbf491165421ed4784d3f6d94dc495ce9fec51b6fa5351ff47f7a821b8a
D_pedro-orrego,Pedro José Orrego,ROBOMASTER_VIDEO_07,120,3.927000,D_pedro-orrego/ROBOMASTER_VIDEO_07/images/frame_0120.jpg,164796,be1c4dbc17d62373b72b4467e2ae2b8c21533f9faf0dc2121111cfdb6f73157c
D_pedro-orrego,Pedro José Orrego,ROBOMASTER_VIDEO_07,144,4.719000,D_pedro-orrego/ROBOMASTER_VIDEO_07/images/frame_0144.jpg,156681,14323553dfd181292c4ce79e33a928adda72b90a2aaec6c3dc8e8e8891f739a2
D_pedro-orrego,Pedro José Orrego,ROBOMASTER_VIDEO_07,168,5.511000,D_pedro-orrego/ROBOMASTER_VIDEO_07/images/frame_0168.jpg,167903,219e55e6b0650632e3a19659501fbe32402f052ae09b1756d0050b0779e79aee
D_pedro-orrego,Pedro José Orrego,ROBOMASTER_VIDEO_07,192,6.303000,D_pedro-orrego/ROBOMASTER_VIDEO_07/images/frame_0192.jpg,181454,cda31b7471d197f472f770f71a3718510c95d682c5416cc1ca33596af7020470
D_pedro-orrego,Pedro José Orrego,ROBOMASTER_VIDEO_07,216,7.095000,D_pedro-orrego/ROBOMASTER_VIDEO_07/images/frame_0216.jpg,164119,af4f0f9c25dac5208778975823841fda2d6408412dace4b8f2799a3ff1c780b7
D_pedro-orrego,Pedro José Orrego,ROBOMASTER_VIDEO_07,240,7.887000,D_pedro-orrego/ROBOMASTER_VIDEO_07/images/frame_0240.jpg,181317,4ea6170867241fb9679222c234d7234338d16b350e19251f84957d220e61bbf3
D_pedro-orrego,Pedro José Orrego,ROBOMASTER_VIDEO_07,264,8.679000,D_pedro-orrego/ROBOMASTER_VIDEO_07/images/frame_0264.jpg,163840,08668f3b8b162231687a0197597aa21f419efc9e330d71236f0c3d8a3509f709
D_pedro-orrego,Pedro José Orrego,ROBOMASTER_VIDEO_07,288,9.471000,D_pedro-orrego/ROBOMASTER_VIDEO_07/images/frame_0288.jpg,211254,d5dd3b4e6144d66f66c6f134a18cb9477c18dc284a01d5d164c582b9c508bd82
D_pedro-orrego,Pedro José Orrego,ROBOMASTER_VIDEO_07,312,10.263000,D_pedro-orrego/ROBOMASTER_VIDEO_07/images/frame_0312.jpg,167373,25b8d0a343536345a213d23b2224c3de8b2594d29657405afa6aa4ddaee2d17e
D_pedro-orrego,Pedro José Orrego,ROBOMASTER_VIDEO_07,336,11.055000,D_pedro-orrego/ROBOMASTER_VIDEO_07/images/frame_0336.jpg,167878,15ba976bec0bd7520454fc199e07e5887d8d1df69e283a445328990630a80542
D_pedro-orrego,Pedro José Orrego,ROBOMASTER_VIDEO_07,360,11.847000,D_pedro-orrego/ROBOMASTER_VIDEO_07/images/frame_0360.jpg,169448,d3fbf742958b052906b7968d4cd90b01bc59c1ca4435c19a3735f5c98930f795
D_pedro-orrego,Pedro José Orrego,ROBOMASTER_VIDEO_07,384,12.639000,D_pedro-orrego/ROBOMASTER_VIDEO_07/images/frame_0384.jpg,134882,994499ddaa609cfcf1058e5137b52aa93b68c3747d9a9cf59d8a38e881efa6c9
D_pedro-orrego,Pedro José Orrego,ROBOMASTER_VIDEO_07,408,13.431000,D_pedro-orrego/ROBOMASTER_VIDEO_07/images/frame_0408.jpg,196139,a0949d678d0634d587f7eb72b907aece903a69c86094d7e34de392ecbb4b4974
D_pedro-orrego,Pedro José Orrego,ROBOMASTER_VIDEO_07,432,14.223000,D_pedro-orrego/ROBOMASTER_VIDEO_07/images/frame_0432.jpg,172930,8a8fefc848ad3f786a890214084a1400ddd586d3e17caf45195495e969fc684a
D_pedro-orrego,Pedro José Orrego,ROBOMASTER_VIDEO_07,456,15.015000,D_pedro-orrego/ROBOMASTER_VIDEO_07/images/frame_0456.jpg,174368,59ba0197093547e260b2a2d5d4d1dcce2149eea53c7cc5c04ca7d40a0200f9f0
D_pedro-orrego,Pedro José Orrego,ROBOMASTER_VIDEO_07,480,15.807000,D_pedro-orrego/ROBOMASTER_VIDEO_07/images/frame_0480.jpg,155449,e0699fd88f90b63c52cc2f233d88e2747c3d892e6bdec494b20d2979f45abe75
D_pedro-orrego,Pedro José Orrego,ROBOMASTER_VIDEO_07,504,16.599000,D_pedro-orrego/ROBOMASTER_VIDEO_07/images/frame_0504.jpg,166469,d8768eee7533e8f340fd49c2b7724aa052744c0c4b0b03eeb61ea059137a89d2
D_pedro-orrego,Pedro José Orrego,ROBOMASTER_VIDEO_07,528,17.391000,D_pedro-orrego/ROBOMASTER_VIDEO_07/images/frame_0528.jpg,188588,384a8407423bbc848de6382c25e29c6fc99f1ea9c8027b793eb4100b59d8a238
D_pedro-orrego,Pedro José Orrego,ROBOMASTER_VIDEO_07,552,18.183000,D_pedro-orrego/ROBOMASTER_VIDEO_07/images/frame_0552.jpg,160206,c31732ffd3c804ca51969c1c938e0654eb44ab1398b9caf7f6a2c6c03a66c8ee
D_pedro-orrego,Pedro José Orrego,ROBOMASTER_VIDEO_07,576,18.975000,D_pedro-orrego/ROBOMASTER_VIDEO_07/images/frame_0576.jpg,148996,51b0498e9bd31edada6c49f74539c990abae90a2b505906235ec3cbc3f11e5ca
D_pedro-orrego,Pedro José Orrego,ROBOMASTER_VIDEO_07,600,19.767000,D_pedro-orrego/ROBOMASTER_VIDEO_07/images/frame_0600.jpg,161160,38946e57d2378d15778b93f47bf1513f472933993c01e5ee494e5c6cfb836fbb
D_pedro-orrego,Pedro José Orrego,ROBOMASTER_VIDEO_07,624,20.559000,D_pedro-orrego/ROBOMASTER_VIDEO_07/images/frame_0624.jpg,178994,481a24d3fd31900aef9c73979a6ee28a5be136c83f4c8b52cb9e6368889bc404
D_pedro-orrego,Pedro José Orrego,ROBOMASTER_VIDEO_07,648,21.351000,D_pedro-orrego/ROBOMASTER_VIDEO_07/images/frame_0648.jpg,181496,422916af13253adcf121d1a23fa53c0e6963017f2ff0b8829b9e75d1595e856a
D_pedro-orrego,Pedro José Orrego,ROBOMASTER_VIDEO_07,672,22.143000,D_pedro-orrego/ROBOMASTER_VIDEO_07/images/frame_0672.jpg,165070,301f811bd77f3b1df70fc723c1591829abed0459d270fd00030371f769871e9d
D_pedro-orrego,Pedro José Orrego,ROBOMASTER_VIDEO_07,696,22.935000,D_pedro-orrego/ROBOMASTER_VIDEO_07/images/frame_0696.jpg,209331,eeb4ed52cb36495480243063bd95fe553bbaaf2f48d9a98f6d336d39bdd47216
D_pedro-orrego,Pedro José Orrego,ROBOMASTER_VIDEO_07,720,23.727000,D_pedro-orrego/ROBOMASTER_VIDEO_07/images/frame_0720.jpg,142149,2e32e0de39e56cc91e7b4ba8f4e0b5377b0aa5c0f38ddb3c5d3174c1c735a01d
D_pedro-orrego,Pedro José Orrego,ROBOMASTER_VIDEO_07,744,24.519000,D_pedro-orrego/ROBOMASTER_VIDEO_07/images/frame_0744.jpg,161472,e4b954dc1056c260e815a088e9b60662de8318cabc948f5697fee802fed31bc5
D_pedro-orrego,Pedro José Orrego,ROBOMASTER_VIDEO_07,768,25.311000,D_pedro-orrego/ROBOMASTER_VIDEO_07/images/frame_0768.jpg,176251,0e2b475bb3caeb31a9b757c86205af330dbc4142a949d2b718ab06da80622173
D_pedro-orrego,Pedro José Orrego,ROBOMASTER_VIDEO_07,792,26.103000,D_pedro-orrego/ROBOMASTER_VIDEO_07/images/frame_0792.jpg,177767,fe7f5aceaf3c7a507b5e4b140a213c2f1d1c631cc95b9d47ab5596bb723ced73
D_pedro-orrego,Pedro José Orrego,ROBOMASTER_VIDEO_07,816,26.895000,D_pedro-orrego/ROBOMASTER_VIDEO_07/images/frame_0816.jpg,146155,363d69dfad2995358f54b6cc60ea0b01751e1dc6125101cebabb76be1a3fb914
D_pedro-orrego,Pedro José Orrego,ROBOMASTER_VIDEO_07,840,27.687000,D_pedro-orrego/ROBOMASTER_VIDEO_07/images/frame_0840.jpg,155245,41ad42a83470a61d26a1cac0be8853996ad21eb810e2d44a4511602b054498cc
D_pedro-orrego,Pedro José Orrego,ROBOMASTER_VIDEO_07,864,28.479000,D_pedro-orrego/ROBOMASTER_VIDEO_07/images/frame_0864.jpg,175549,ab2977ee37452dd6b2eb9074d34da75a18d5ded0ca387391cd5f2e3686b15522
D_pedro-orrego,Pedro José Orrego,ROBOMASTER_VIDEO_07,888,29.271000,D_pedro-orrego/ROBOMASTER_VIDEO_07/images/frame_0888.jpg,180109,d806675c600703039928adf85d34d907e5b5d317cb52c62a1a585eaa8f6a40d7
D_pedro-orrego,Pedro José Orrego,ROBOMASTER_VIDEO_07,912,30.063000,D_pedro-orrego/ROBOMASTER_VIDEO_07/images/frame_0912.jpg,183788,193e4ebe5023e4cf0ebc43c08bb32f21054f1252508056e623e2455e8b2de3b3
D_pedro-orrego,Pedro José Orrego,ROBOMASTER_VIDEO_07,936,30.855000,D_pedro-orrego/ROBOMASTER_VIDEO_07/images/frame_0936.jpg,141964,5c3a7e7683120f03faf60ed06cd3bff76cf4c30940e78e22e7dca26aabd95c9c
D_pedro-orrego,Pedro José Orrego,ROBOMASTER_VIDEO_07,960,31.647000,D_pedro-orrego/ROBOMASTER_VIDEO_07/images/frame_0960.jpg,159347,9065f1eb9f30f9afc9f7eed380aafa62dd4a7aeb375831c03aa953d7b9fb285a
D_pedro-orrego,Pedro José Orrego,ROBOMASTER_VIDEO_07,984,32.439000,D_pedro-orrego/ROBOMASTER_VIDEO_07/images/frame_0984.jpg,169132,1c302d67a54408749b5bc8a1897a93ca6a2deba4992ae7d0dedb3ea96c5e54ba
D_pedro-orrego,Pedro José Orrego,ROBOMASTER_VIDEO_07,1008,33.231000,D_pedro-orrego/ROBOMASTER_VIDEO_07/images/frame_1008.jpg,183302,cc5898059dc8591257438332276dfe74dcf143277452769c81f7f45cacb0d288
D_pedro-orrego,Pedro José Orrego,ROBOMASTER_VIDEO_07,1032,34.023000,D_pedro-orrego/ROBOMASTER_VIDEO_07/images/frame_1032.jpg,172079,caaddd7f3c8822ec9a2836d7c685e4aa37bba81582428160b9c5429ea9b059d1
D_pedro-orrego,Pedro José Orrego,ROBOMASTER_VIDEO_07,1056,34.815000,D_pedro-orrego/ROBOMASTER_VIDEO_07/images/frame_1056.jpg,180443,b858e409a545a27fc6742d29517de51d9e6e1f875ed5d7a48b00fca45b9decd0
D_pedro-orrego,Pedro José Orrego,ROBOMASTER_VIDEO_07,1080,35.607000,D_pedro-orrego/ROBOMASTER_VIDEO_07/images/frame_1080.jpg,164588,1f16842f54373032fe2532b76c1adde192245c74807e16d9acf05886e9a61df0
D_pedro-orrego,Pedro José Orrego,ROBOMASTER_VIDEO_07,1104,36.399000,D_pedro-orrego/ROBOMASTER_VIDEO_07/images/frame_1104.jpg,157811,e9eb39a2a3f7ab8c95fe5e3149cd5972ea87e90f9e98d748d4752489f7c2eff5
D_pedro-orrego,Pedro José Orrego,ROBOMASTER_VIDEO_07,1128,37.191000,D_pedro-orrego/ROBOMASTER_VIDEO_07/images/frame_1128.jpg,184307,920122d923b8033d237cc17ab0af0344b7913aeafd4592c801135db1a7d87b1d
D_pedro-orrego,Pedro José Orrego,ROBOMASTER_VIDEO_07,1152,37.983000,D_pedro-orrego/ROBOMASTER_VIDEO_07/images/frame_1152.jpg,171716,de5f657efe68f9d00d8c7f645881eb237253d5fe8b4310fb3a8d2da9f3b2bd07
D_pedro-orrego,Pedro José Orrego,ROBOMASTER_VIDEO_07,1176,38.775000,D_pedro-orrego/ROBOMASTER_VIDEO_07/images/frame_1176.jpg,178871,408c051b20c1a8dba2dfb071510049a3848a10b5ae486608e06b0513873fc48f
D_pedro-orrego,Pedro José Orrego,ROBOMASTER_VIDEO_07,1200,39.567000,D_pedro-orrego/ROBOMASTER_VIDEO_07/images/frame_1200.jpg,186788,2d38c0743136a3314a7a451ea9c905796ac0b8801649d028627708f59376fe09
D_pedro-orrego,Pedro José Orrego,ROBOMASTER_VIDEO_07,1224,40.359000,D_pedro-orrego/ROBOMASTER_VIDEO_07/images/frame_1224.jpg,217071,2311af373308223c770a81f0a84c01ddae7c07b668bb60152e349954295612f6
D_pedro-orrego,Pedro José Orrego,ROBOMASTER_VIDEO_07,1248,41.151000,D_pedro-orrego/ROBOMASTER_VIDEO_07/images/frame_1248.jpg,155645,fba5edfc7809f2f04ac5397e68b8578d4871efd46793d83fb70bb7575867ac57
D_pedro-orrego,Pedro José Orrego,ROBOMASTER_VIDEO_07,1272,41.943000,D_pedro-orrego/ROBOMASTER_VIDEO_07/images/frame_1272.jpg,138976,d14c25cdc358f8701ab78e14ba462d05a42f4353cebec8b5fec7ed851a523498
D_pedro-orrego,Pedro José Orrego,ROBOMASTER_VIDEO_07,1296,42.735000,D_pedro-orrego/ROBOMASTER_VIDEO_07/images/frame_1296.jpg,169864,4ba9409fa9f701b70dbe08b86be05fc6022ee7e6d85302c08e50a256ae25f023
D_pedro-orrego,Pedro José Orrego,ROBOMASTER_VIDEO_07,1320,43.527000,D_pedro-orrego/ROBOMASTER_VIDEO_07/images/frame_1320.jpg,179839,d77ffdfc2eab87277d8b0dcc7a9acacac13ae5b5cbdf0d52e4195585ef71a04a
D_pedro-orrego,Pedro José Orrego,ROBOMASTER_VIDEO_07,1344,44.319000,D_pedro-orrego/ROBOMASTER_VIDEO_07/images/frame_1344.jpg,169185,97b2f9031d3f7cb282d72351a8dc3d8b771d3c29589e73c02eea570f18f10945
D_pedro-orrego,Pedro José Orrego,ROBOMASTER_VIDEO_07,1368,45.111000,D_pedro-orrego/ROBOMASTER_VIDEO_07/images/frame_1368.jpg,197613,0340ffe041acffc1f44bc08f2cfd7514f8ed2dee7ae2b8cdfc217c599751af51
D_pedro-orrego,Pedro José Orrego,ROBOMASTER_VIDEO_07,1392,45.903000,D_pedro-orrego/ROBOMASTER_VIDEO_07/images/frame_1392.jpg,178252,06ccdb8f4384e82996a972d9d31464c5d5c8ddde91734194968a100156ffa255
D_pedro-orrego,Pedro José Orrego,ROBOMASTER_VIDEO_07,1416,46.695000,D_pedro-orrego/ROBOMASTER_VIDEO_07/images/frame_1416.jpg,182442,be6c5daaf214961dae58f5fdd6a770593909dc41b05cb8423fe53cf2ad4fcb7d
D_pedro-orrego,Pedro José Orrego,ROBOMASTER_VIDEO_07,1440,47.487000,D_pedro-orrego/ROBOMASTER_VIDEO_07/images/frame_1440.jpg,207715,e1c5bbcc30c2b08aff3c67881db58db739ad73602bfa7602a137e54cf34a8cc7
D_pedro-orrego,Pedro José Orrego,ROBOMASTER_VIDEO_07,1464,48.279000,D_pedro-orrego/ROBOMASTER_VIDEO_07/images/frame_1464.jpg,196732,6d3580f30d55ec95f7daf18288c3212f077bcbca6d679206909d202624d9f98e
D_pedro-orrego,Pedro José Orrego,ROBOMASTER_VIDEO_07,1488,49.071000,D_pedro-orrego/ROBOMASTER_VIDEO_07/images/frame_1488.jpg,199800,e91940a5390ccbfd0fe25f5d366ad3acf46b938c3bd2f4cc37f72ef3a0ab1a6d
D_pedro-orrego,Pedro José Orrego,ROBOMASTER_VIDEO_07,1512,49.863000,D_pedro-orrego/ROBOMASTER_VIDEO_07/images/frame_1512.jpg,143394,9f05651f158ae4a3d4e0e4a700e997b20b6c8fe949f86d2ee45a446319837bcb
D_pedro-orrego,Pedro José Orrego,ROBOMASTER_VIDEO_07,1536,50.655000,D_pedro-orrego/ROBOMASTER_VIDEO_07/images/frame_1536.jpg,146185,108d4460af3362401a456393472f5027297116a6c5e78961b0db9f2b4f801a91
D_pedro-orrego,Pedro José Orrego,ROBOMASTER_VIDEO_07,1560,51.447000,D_pedro-orrego/ROBOMASTER_VIDEO_07/images/frame_1560.jpg,155573,71eb91df0ad98e98df5189d7a931cf9f131ab969d28d37841a707e11f704b281
D_pedro-orrego,Pedro José Orrego,ROBOMASTER_VIDEO_07,1584,52.239000,D_pedro-orrego/ROBOMASTER_VIDEO_07/images/frame_1584.jpg,164359,2e4f98520a4a51b7ea8fbcb2e5ff15b3d0aef3a1789a3b069d13be7a8f3606f4
D_pedro-orrego,Pedro José Orrego,ROBOMASTER_VIDEO_07,1608,53.031000,D_pedro-orrego/ROBOMASTER_VIDEO_07/images/frame_1608.jpg,172969,da4bac00bcebfb8e0f7b73ae25cf634547721b6b9b9d91e405e9a3e83c3f0e37
D_pedro-orrego,Pedro José Orrego,ROBOMASTER_VIDEO_07,1632,53.823000,D_pedro-orrego/ROBOMASTER_VIDEO_07/images/frame_1632.jpg,189107,8ed9877a8d8837f1df22aec30e712d5e9b584612c4e9b6cc1d51c7b4cc16da67
D_pedro-orrego,Pedro José Orrego,ROBOMASTER_VIDEO_07,1656,54.615000,D_pedro-orrego/ROBOMASTER_VIDEO_07/images/frame_1656.jpg,195873,3850c61a9611c0140a7dfa306e6d7990081def98be205fd72433565452c47a65
D_pedro-orrego,Pedro José Orrego,ROBOMASTER_VIDEO_07,1680,55.407000,D_pedro-orrego/ROBOMASTER_VIDEO_07/images/frame_1680.jpg,188670,25c517bc94ff008eba7d75c388153a1048685db0b03332997bb23dfd813225a6
D_pedro-orrego,Pedro José Orrego,ROBOMASTER_VIDEO_07,1704,56.199000,D_pedro-orrego/ROBOMASTER_VIDEO_07/images/frame_1704.jpg,183485,eb649ad3c5073006aa838f4a3b40a8ce6c6bd792fe46b4b2cec6043f2b8c8ffa
D_pedro-orrego,Pedro José Orrego,ROBOMASTER_VIDEO_07,1728,56.991000,D_pedro-orrego/ROBOMASTER_VIDEO_07/images/frame_1728.jpg,187338,ce46c7f91d05afe9900afbd97f4029e330ec24e150f65c00da2513c54e919c69
D_pedro-orrego,Pedro José Orrego,ROBOMASTER_VIDEO_07,1752,57.783000,D_pedro-orrego/ROBOMASTER_VIDEO_07/images/frame_1752.jpg,165207,a1864773e62474bc8276a87270412c972f6c1593ed69d897186e96fdbf53c1c2
D_pedro-orrego,Pedro José Orrego,ROBOMASTER_VIDEO_07,1776,58.575000,D_pedro-orrego/ROBOMASTER_VIDEO_07/images/frame_1776.jpg,159697,ed86aa9a5cc18832c8182910f1bbda0e8b379e26387ea75beec95f6d9aae4ae8
D_pedro-orrego,Pedro José Orrego,ROBOMASTER_VIDEO_07,1800,59.367000,D_pedro-orrego/ROBOMASTER_VIDEO_07/images/frame_1800.jpg,205878,bef360063a48eda3e8acacd5e292e268de96e179f5c7dc46f0538680dab9d7bf
D_pedro-orrego,Pedro José Orrego,ROBOMASTER_VIDEO_07,1824,60.159000,D_pedro-orrego/ROBOMASTER_VIDEO_07/images/frame_1824.jpg,250868,28554621ac56333ce52f7dff5f3b1ff32b9aa246644973a9d7926b0f0fa89973
D_pedro-orrego,Pedro José Orrego,ROBOMASTER_VIDEO_07,1848,60.951000,D_pedro-orrego/ROBOMASTER_VIDEO_07/images/frame_1848.jpg,262828,217f5b9042d2c18870d2da0e17a8473bc113700e0df471314ac27ca67f50f484
D_pedro-orrego,Pedro José Orrego,ROBOMASTER_VIDEO_08,24,0.759000,D_pedro-orrego/ROBOMASTER_VIDEO_08/images/frame_0024.jpg,200943,2d5862a51416c07a65b2fe3c961606feb4a63241a743cf132a829a968aaca82f
D_pedro-orrego,Pedro José Orrego,ROBOMASTER_VIDEO_08,48,1.551000,D_pedro-orrego/ROBOMASTER_VIDEO_08/images/frame_0048.jpg,175813,d0a53a556afc241cf84ead43b9870945a444c24acd2cd64ef1c05f12ecb26942
D_pedro-orrego,Pedro José Orrego,ROBOMASTER_VIDEO_08,72,2.343000,D_pedro-orrego/ROBOMASTER_VIDEO_08/images/frame_0072.jpg,176684,1193b653506768b023cfdcb764aad66ecbeae78b4093682f7aa0dcfce5279dba
D_pedro-orrego,Pedro José Orrego,ROBOMASTER_VIDEO_08,96,3.135000,D_pedro-orrego/ROBOMASTER_VIDEO_08/images/frame_0096.jpg,166779,9a4a467cb0b7be748d4637547aa508eaca32d52b3b701d8d277effc9ce8b1dc3
D_pedro-orrego,Pedro José Orrego,ROBOMASTER_VIDEO_08,120,3.927000,D_pedro-orrego/ROBOMASTER_VIDEO_08/images/frame_0120.jpg,184379,668e53468d9ab95819624d318f3f6560a18809c71c1a622d863a6d9906d46556
D_pedro-orrego,Pedro José Orrego,ROBOMASTER_VIDEO_08,144,4.719000,D_pedro-orrego/ROBOMASTER_VIDEO_08/images/frame_0144.jpg,150408,e5470bea5705e907e9ff565ccc2da9a0c45229e2e88c9680a3033defff9962a5
D_pedro-orrego,Pedro José Orrego,ROBOMASTER_VIDEO_08,168,5.511000,D_pedro-orrego/ROBOMASTER_VIDEO_08/images/frame_0168.jpg,177295,c560be8025da8e5acd068e871aacc70dd3215694f2d306e45d67551938fbb2c5
D_pedro-orrego,Pedro José Orrego,ROBOMASTER_VIDEO_08,192,6.303000,D_pedro-orrego/ROBOMASTER_VIDEO_08/images/frame_0192.jpg,121573,88110c17f45f0e54b409cc22489ffeaf99b5e09e1e06511549525f35efdbe803
D_pedro-orrego,Pedro José Orrego,ROBOMASTER_VIDEO_08,216,7.095000,D_pedro-orrego/ROBOMASTER_VIDEO_08/images/frame_0216.jpg,156512,fea441f274ec4794c506fd69e92a718c495dd6fa108fb56f029e7215a5c481eb
D_pedro-orrego,Pedro José Orrego,ROBOMASTER_VIDEO_08,240,7.887000,D_pedro-orrego/ROBOMASTER_VIDEO_08/images/frame_0240.jpg,175172,42ccecfa149a92f3239d426f00c5fb88fa94cf0cc89001274481b8cf2edd73a7
D_pedro-orrego,Pedro José Orrego,ROBOMASTER_VIDEO_08,264,8.679000,D_pedro-orrego/ROBOMASTER_VIDEO_08/images/frame_0264.jpg,146399,8ecfffe8930924ddab3d9b196cc43fb41d7ed44e8860e4d819be326cc292dd74
D_pedro-orrego,Pedro José Orrego,ROBOMASTER_VIDEO_08,288,9.471000,D_pedro-orrego/ROBOMASTER_VIDEO_08/images/frame_0288.jpg,127471,e78bb6a13347ef1323a3221ec016dc39fabfae4416d5c279699970803a1ccecd
D_pedro-orrego,Pedro José Orrego,ROBOMASTER_VIDEO_08,312,10.263000,D_pedro-orrego/ROBOMASTER_VIDEO_08/images/frame_0312.jpg,151628,d51c265d8bff5e5ae5a8fb2ef7c63b376f26c5f131ae4eebbcc20129e3a78f82
D_pedro-orrego,Pedro José Orrego,ROBOMASTER_VIDEO_08,336,11.055000,D_pedro-orrego/ROBOMASTER_VIDEO_08/images/frame_0336.jpg,156253,bbf67dc97e65dca5c663ac7715993fa448904126af8dcf57fee688b7d35284aa
D_pedro-orrego,Pedro José Orrego,ROBOMASTER_VIDEO_08,360,11.847000,D_pedro-orrego/ROBOMASTER_VIDEO_08/images/frame_0360.jpg,163694,22bad636007aec1b21952495037f3bd5fbaf520c54f9e422086a160c62213b8d
D_pedro-orrego,Pedro José Orrego,ROBOMASTER_VIDEO_08,384,12.639000,D_pedro-orrego/ROBOMASTER_VIDEO_08/images/frame_0384.jpg,148175,8958a17c66c01b74283c74afcfca1b61cbb2132f79f40715d3cb0e249b68c6eb
D_pedro-orrego,Pedro José Orrego,ROBOMASTER_VIDEO_08,408,13.431000,D_pedro-orrego/ROBOMASTER_VIDEO_08/images/frame_0408.jpg,112289,6907ad78e52af7ee1fcd1b4c4d3c47f37a3081b149e26675fff84b95d508fc7a
D_pedro-orrego,Pedro José Orrego,ROBOMASTER_VIDEO_08,432,14.223000,D_pedro-orrego/ROBOMASTER_VIDEO_08/images/frame_0432.jpg,123334,7e1f5e902c37a6254794d6142ff36f8db6ee8d2ca97954371b7815e449eb95a4
D_pedro-orrego,Pedro José Orrego,ROBOMASTER_VIDEO_08,456,15.015000,D_pedro-orrego/ROBOMASTER_VIDEO_08/images/frame_0456.jpg,130027,0a93126d6808e987ef6234e50d6f0f077b7c905138ac44e1266e3e5cc5958a64
D_pedro-orrego,Pedro José Orrego,ROBOMASTER_VIDEO_08,480,15.807000,D_pedro-orrego/ROBOMASTER_VIDEO_08/images/frame_0480.jpg,121208,3a2084bf98a0ad48c64fe1719830d0acc8f368a3628e7e6598c5d2fe1266c418
D_pedro-orrego,Pedro José Orrego,ROBOMASTER_VIDEO_08,504,16.599000,D_pedro-orrego/ROBOMASTER_VIDEO_08/images/frame_0504.jpg,137387,8d5b38687aef7abd161af8cb365913efb8a07672c5d851f4eaf7a948eaedb5bc
D_pedro-orrego,Pedro José Orrego,ROBOMASTER_VIDEO_08,528,17.391000,D_pedro-orrego/ROBOMASTER_VIDEO_08/images/frame_0528.jpg,176496,f3266c4fcf01caeeaebd8aed5da8a5d9d9f09c838371e37b78ccf7c5e8e098a4
D_pedro-orrego,Pedro José Orrego,ROBOMASTER_VIDEO_08,552,18.183000,D_pedro-orrego/ROBOMASTER_VIDEO_08/images/frame_0552.jpg,151500,1df0ff5170f15972a99df8eef02574706f39cbb2673988cec7b971c856f87d0e
D_pedro-orrego,Pedro José Orrego,ROBOMASTER_VIDEO_08,576,18.975000,D_pedro-orrego/ROBOMASTER_VIDEO_08/images/frame_0576.jpg,169567,e3d7b53bf51118571fcfdf530721c3599c694fc29cdeb212a5094a3ecaa93a1e
D_pedro-orrego,Pedro José Orrego,ROBOMASTER_VIDEO_08,600,19.767000,D_pedro-orrego/ROBOMASTER_VIDEO_08/images/frame_0600.jpg,168429,afa729ef0c9b5a7df11e929d5e084d1eaea526033e64a7eeca23cf41c6e25da6
D_pedro-orrego,Pedro José Orrego,ROBOMASTER_VIDEO_08,624,20.559000,D_pedro-orrego/ROBOMASTER_VIDEO_08/images/frame_0624.jpg,158202,e388cb6399c1218efa8e03e5bbd27edafaf57d92bfd6344de05e99ac0eba8c7a
D_pedro-orrego,Pedro José Orrego,ROBOMASTER_VIDEO_08,648,21.351000,D_pedro-orrego/ROBOMASTER_VIDEO_08/images/frame_0648.jpg,167344,d05ade45b3214d94d19ae6e59dc1076cada0cc1b3d17d0c35b36b8bad3e30619
D_pedro-orrego,Pedro José Orrego,ROBOMASTER_VIDEO_08,672,22.143000,D_pedro-orrego/ROBOMASTER_VIDEO_08/images/frame_0672.jpg,155085,6d7b9c4c3bb40445750cd9bd561e1985cb4df0aace6a9494e8ddcce7464c0abe
D_pedro-orrego,Pedro José Orrego,ROBOMASTER_VIDEO_08,696,22.935000,D_pedro-orrego/ROBOMASTER_VIDEO_08/images/frame_0696.jpg,181938,1dc98346d1e099a97aea184889be9f623a0db13daf842c449e2f9f0e64a6d6db
D_pedro-orrego,Pedro José Orrego,ROBOMASTER_VIDEO_08,720,23.727000,D_pedro-orrego/ROBOMASTER_VIDEO_08/images/frame_0720.jpg,124638,d36814f622044678add19e3d96a7c729517953c01c8af28a80bdc3b074c6b4e3
D_pedro-orrego,Pedro José Orrego,ROBOMASTER_VIDEO_08,744,24.519000,D_pedro-orrego/ROBOMASTER_VIDEO_08/images/frame_0744.jpg,132729,dae990c943b16f2973cc021e82572b52b10118db4a21cb4f7e585030f8fbde06
D_pedro-orrego,Pedro José Orrego,ROBOMASTER_VIDEO_08,768,25.311000,D_pedro-orrego/ROBOMASTER_VIDEO_08/images/frame_0768.jpg,161106,4ed4f4062e2dcb04021774481a65c87d7e712fb95e7bb75739d4be4940dbc82f
D_pedro-orrego,Pedro José Orrego,ROBOMASTER_VIDEO_08,792,26.103000,D_pedro-orrego/ROBOMASTER_VIDEO_08/images/frame_0792.jpg,120961,e92d08ec7f45cfddf09ae281e582a067ba6485a54872f33a88deb06e7c9b9a85
D_pedro-orrego,Pedro José Orrego,ROBOMASTER_VIDEO_08,816,26.895000,D_pedro-orrego/ROBOMASTER_VIDEO_08/images/frame_0816.jpg,119904,8eedd76e3578169186b0865d062c6d01e847d8ec4e1951d6df1658b8e7c75ac6
D_pedro-orrego,Pedro José Orrego,ROBOMASTER_VIDEO_08,840,27.687000,D_pedro-orrego/ROBOMASTER_VIDEO_08/images/frame_0840.jpg,140548,12c2f5365a1c35f7203fe8c7ee58cec7d316ca3c8afa13ab8a981eb972a2dc26
D_pedro-orrego,Pedro José Orrego,ROBOMASTER_VIDEO_08,864,28.479000,D_pedro-orrego/ROBOMASTER_VIDEO_08/images/frame_0864.jpg,130707,980af6ce919eeca44cb66fc91d01a365e4befdc98a718c43da94bab4a52baf96
D_pedro-orrego,Pedro José Orrego,ROBOMASTER_VIDEO_08,888,29.271000,D_pedro-orrego/ROBOMASTER_VIDEO_08/images/frame_0888.jpg,118404,7fa9f8fe3adc982f0aa2d9c5b54bb0ca295640ae5c3cd835f91a5d78cb279495
D_pedro-orrego,Pedro José Orrego,ROBOMASTER_VIDEO_08,912,30.063000,D_pedro-orrego/ROBOMASTER_VIDEO_08/images/frame_0912.jpg,162846,18a08e69e93c42aef7fea34ca2b96a24a458faf27ab00042fbce54ae3bc947f5
D_pedro-orrego,Pedro José Orrego,ROBOMASTER_VIDEO_08,936,30.855000,D_pedro-orrego/ROBOMASTER_VIDEO_08/images/frame_0936.jpg,113177,5566828b10e89b597345def3636c7e5394776b435204539a4fbebb020cfa950a
D_pedro-orrego,Pedro José Orrego,ROBOMASTER_VIDEO_08,960,31.647000,D_pedro-orrego/ROBOMASTER_VIDEO_08/images/frame_0960.jpg,119513,12cc90e4abf8f1fa6c19a7b63de57ea3771e235748f7de11de4a4179e2b3ae7b
D_pedro-orrego,Pedro José Orrego,ROBOMASTER_VIDEO_08,984,32.439000,D_pedro-orrego/ROBOMASTER_VIDEO_08/images/frame_0984.jpg,127237,9f8e338a7680105ef7a1c456831f2e572e3d2897e498ec40a9d872193ff86f8c
D_pedro-orrego,Pedro José Orrego,ROBOMASTER_VIDEO_08,1008,33.231000,D_pedro-orrego/ROBOMASTER_VIDEO_08/images/frame_1008.jpg,143329,85c2d3ce38280a4a221629b55769aee433c133618d689d18d21dcd15f3356c5f
D_pedro-orrego,Pedro José Orrego,ROBOMASTER_VIDEO_08,1032,34.023000,D_pedro-orrego/ROBOMASTER_VIDEO_08/images/frame_1032.jpg,126655,94a8f0c9ab9e5405cec8c3dd82ce646c507f701e605167ecbc3b422819d5a1da
D_pedro-orrego,Pedro José Orrego,ROBOMASTER_VIDEO_08,1056,34.815000,D_pedro-orrego/ROBOMASTER_VIDEO_08/images/frame_1056.jpg,152293,f380ec6aeded2579b92492b1380ac58ca5a0f80b17796726fcdfbf64732a44af
D_pedro-orrego,Pedro José Orrego,ROBOMASTER_VIDEO_08,1080,35.607000,D_pedro-orrego/ROBOMASTER_VIDEO_08/images/frame_1080.jpg,157068,799f3cc470d693d6dd9a760874d57e75c06bfad2bc19bd5a4fbc7a85d44fdba2
D_pedro-orrego,Pedro José Orrego,ROBOMASTER_VIDEO_08,1104,36.399000,D_pedro-orrego/ROBOMASTER_VIDEO_08/images/frame_1104.jpg,165511,5c084e48291096dcd6e2ba02b83cae036287365bbdb4f4d50b4128c62536f7bd
D_pedro-orrego,Pedro José Orrego,ROBOMASTER_VIDEO_08,1128,37.191000,D_pedro-orrego/ROBOMASTER_VIDEO_08/images/frame_1128.jpg,152556,1d9cd353fa5bfe3dfc728cd2a58fd6c7d675d4eeb1831b4c502b96b7a93711f2
D_pedro-orrego,Pedro José Orrego,ROBOMASTER_VIDEO_08,1152,37.983000,D_pedro-orrego/ROBOMASTER_VIDEO_08/images/frame_1152.jpg,179940,18810e805f6f564ca0b518c20eabc68bafff23991f2fac339f88cf971fd41431
D_pedro-orrego,Pedro José Orrego,ROBOMASTER_VIDEO_08,1176,38.775000,D_pedro-orrego/ROBOMASTER_VIDEO_08/images/frame_1176.jpg,183939,a37f9a2c54f879b7936d968f29c0af69b20d9253f7c0886406da03ccdde51126
D_pedro-orrego,Pedro José Orrego,ROBOMASTER_VIDEO_08,1200,39.567000,D_pedro-orrego/ROBOMASTER_VIDEO_08/images/frame_1200.jpg,152334,3232ade82442eb30fab32d4864b79ba8ffd9f89a33d748a0b888d80be71bb33f
D_pedro-orrego,Pedro José Orrego,ROBOMASTER_VIDEO_08,1224,40.359000,D_pedro-orrego/ROBOMASTER_VIDEO_08/images/frame_1224.jpg,136488,45f5df3188884f30ef02c24fc0cece61cb0d03426b8ac85ffa9481be33a0bb08
D_pedro-orrego,Pedro José Orrego,ROBOMASTER_VIDEO_08,1248,41.151000,D_pedro-orrego/ROBOMASTER_VIDEO_08/images/frame_1248.jpg,116340,7aaa7fb10a8bf267a2558c09ba1892b18e49185b8e6c130f603c10f958a02d9b
D_pedro-orrego,Pedro José Orrego,ROBOMASTER_VIDEO_08,1272,41.943000,D_pedro-orrego/ROBOMASTER_VIDEO_08/images/frame_1272.jpg,105055,a23cc5002935ca144d5ce73e3e08cadd14f0defad27fb93b1b90a968e19be6d3
D_pedro-orrego,Pedro José Orrego,ROBOMASTER_VIDEO_08,1296,42.735000,D_pedro-orrego/ROBOMASTER_VIDEO_08/images/frame_1296.jpg,182246,bae610e2d9c2a698a07c9cae1aeb07af5274638ca06c4426dfc8abcd5e5d68f4
D_pedro-orrego,Pedro José Orrego,ROBOMASTER_VIDEO_08,1320,43.527000,D_pedro-orrego/ROBOMASTER_VIDEO_08/images/frame_1320.jpg,153101,65d1c46f1a06addad316e5226dbb868067639b7b1ca28f2c84fedf5cf008a2d7
D_pedro-orrego,Pedro José Orrego,ROBOMASTER_VIDEO_08,1344,44.319000,D_pedro-orrego/ROBOMASTER_VIDEO_08/images/frame_1344.jpg,147697,78486958282a952fdab98a70d1de4a0a52b0d7fa010f331185bdb0108df0b4e4
D_pedro-orrego,Pedro José Orrego,ROBOMASTER_VIDEO_08,1368,45.111000,D_pedro-orrego/ROBOMASTER_VIDEO_08/images/frame_1368.jpg,168744,4b5bb5fe55c71b768eacf2079611ffc53d9382aef5a707ba3d2012a5bbf0c618
D_pedro-orrego,Pedro José Orrego,ROBOMASTER_VIDEO_08,1392,45.903000,D_pedro-orrego/ROBOMASTER_VIDEO_08/images/frame_1392.jpg,160092,420dc49987006e183b810292881bed6d66a4df4a66ecf947b7b3a9e17aa96e32
D_pedro-orrego,Pedro José Orrego,ROBOMASTER_VIDEO_08,1416,46.695000,D_pedro-orrego/ROBOMASTER_VIDEO_08/images/frame_1416.jpg,136881,956a1e40a90cb330b1926388aaa9e3f952b10f9f6c4572f271427cea8a845cb7
D_pedro-orrego,Pedro José Orrego,ROBOMASTER_VIDEO_08,1440,47.487000,D_pedro-orrego/ROBOMASTER_VIDEO_08/images/frame_1440.jpg,159901,b48a93a27d5912180735e8c883e3800468b2891541034bbbcc3756eccb4b7cc9
D_pedro-orrego,Pedro José Orrego,ROBOMASTER_VIDEO_08,1464,48.279000,D_pedro-orrego/ROBOMASTER_VIDEO_08/images/frame_1464.jpg,146197,8207bd442f72d8124c872099da9fbe6cef03527e64ec7618f013825b7f0684b5
D_pedro-orrego,Pedro José Orrego,ROBOMASTER_VIDEO_08,1488,49.071000,D_pedro-orrego/ROBOMASTER_VIDEO_08/images/frame_1488.jpg,180104,d7890796d69cef6a988a391d087485929e43725ab584803fdc7abe3fd110c398
D_pedro-orrego,Pedro José Orrego,ROBOMASTER_VIDEO_08,1512,49.863000,D_pedro-orrego/ROBOMASTER_VIDEO_08/images/frame_1512.jpg,115733,358861589c817655f75bc28ea6d3175c523f5b421a2dffc2ec7a61c0ca325946
D_pedro-orrego,Pedro José Orrego,ROBOMASTER_VIDEO_08,1536,50.655000,D_pedro-orrego/ROBOMASTER_VIDEO_08/images/frame_1536.jpg,142730,b31eec142b1032d2559b3ecae56501766550060ae3fbc2a2922187d1491af707
D_pedro-orrego,Pedro José Orrego,ROBOMASTER_VIDEO_08,1560,51.447000,D_pedro-orrego/ROBOMASTER_VIDEO_08/images/frame_1560.jpg,153826,c5984598fd73bbafe6430d86079da5665a15bba8502f2026417fc555b4cf85d0
D_pedro-orrego,Pedro José Orrego,ROBOMASTER_VIDEO_08,1584,52.239000,D_pedro-orrego/ROBOMASTER_VIDEO_08/images/frame_1584.jpg,174905,b3cb1e65ee7b6ebddbbaed19b06ff88d0dc021d768976ebae6bc351bda8da9c7
D_pedro-orrego,Pedro José Orrego,ROBOMASTER_VIDEO_08,1608,53.031000,D_pedro-orrego/ROBOMASTER_VIDEO_08/images/frame_1608.jpg,160186,0c369f6138108e3b61d19f455daae99f3e74da5e2f2e902dcd0e0a2b07bcfad2
D_pedro-orrego,Pedro José Orrego,ROBOMASTER_VIDEO_08,1632,53.823000,D_pedro-orrego/ROBOMASTER_VIDEO_08/images/frame_1632.jpg,163395,0920dd3516637b7ccec20f17eb0e7d0f851aa9cf1398afe3e89a5b6e48d55005
D_pedro-orrego,Pedro José Orrego,ROBOMASTER_VIDEO_08,1656,54.615000,D_pedro-orrego/ROBOMASTER_VIDEO_08/images/frame_1656.jpg,163603,c026dfa092216361ea2e10acebd63fdc545f0922e91e52cd064117e098f15b15
D_pedro-orrego,Pedro José Orrego,ROBOMASTER_VIDEO_08,1680,55.407000,D_pedro-orrego/ROBOMASTER_VIDEO_08/images/frame_1680.jpg,152728,fd7f5d500587461d6d90e4cf791f7759ea6275e76a7d49c73753e93915b879b7
D_pedro-orrego,Pedro José Orrego,ROBOMASTER_VIDEO_08,1704,56.199000,D_pedro-orrego/ROBOMASTER_VIDEO_08/images/frame_1704.jpg,170619,809b7c1ec3f0c4abad1f31926d07a89572c452be15335d052c7230841837890f
D_pedro-orrego,Pedro José Orrego,ROBOMASTER_VIDEO_08,1728,56.991000,D_pedro-orrego/ROBOMASTER_VIDEO_08/images/frame_1728.jpg,163181,b4704a2729f187435a5aa43e82be506b097a007a92b43cbe57cd2711b166f60e
D_pedro-orrego,Pedro José Orrego,ROBOMASTER_VIDEO_08,1752,57.783000,D_pedro-orrego/ROBOMASTER_VIDEO_08/images/frame_1752.jpg,147506,e6d44d492145d1497c568842c3a9529a7792e3924182dbc8469631687f85afb6
D_pedro-orrego,Pedro José Orrego,ROBOMASTER_VIDEO_08,1776,58.575000,D_pedro-orrego/ROBOMASTER_VIDEO_08/images/frame_1776.jpg,160038,8be4927b0ea1b36f5122032d2edb8473b3aeb119c2e376243a1823e9c5d28fe7
D_pedro-orrego,Pedro José Orrego,ROBOMASTER_VIDEO_08,1800,59.367000,D_pedro-orrego/ROBOMASTER_VIDEO_08/images/frame_1800.jpg,136173,c33dd23993c6b55cff0c3adf3babd94881f4bc3333ef12c6bc31d42d21f87708
D_pedro-orrego,Pedro José Orrego,ROBOMASTER_VIDEO_08,1824,60.159000,D_pedro-orrego/ROBOMASTER_VIDEO_08/images/frame_1824.jpg,149087,063ca58384d6df1d7cbe3f0f14a346590f927fbdb2f62c9d7cc9056b28f8987f
D_pedro-orrego,Pedro José Orrego,ROBOMASTER_VIDEO_08,1848,60.951000,D_pedro-orrego/ROBOMASTER_VIDEO_08/images/frame_1848.jpg,151872,40fa5f3bf1e4bd7206744b1546a9dd8a5cdb1780946f1871fdfc020d237b5ab3
D_pedro-orrego,Pedro José Orrego,ROBOMASTER_VIDEO_08,1872,61.743000,D_pedro-orrego/ROBOMASTER_VIDEO_08/images/frame_1872.jpg,173994,e065709d72b10ec46468c10a09f4dcba87959bc59c764b25099906a858eacc2e
D_pedro-orrego,Pedro José Orrego,ROBOMASTER_VIDEO_08,1896,62.535000,D_pedro-orrego/ROBOMASTER_VIDEO_08/images/frame_1896.jpg,160751,7a725dfc979e1fc77fd8e592c3d088134ed880a237e6977459590e4ad01876ba
D_pedro-orrego,Pedro José Orrego,ROBOMASTER_VIDEO_08,1920,63.327000,D_pedro-orrego/ROBOMASTER_VIDEO_08/images/frame_1920.jpg,145087,b34a72986879b27877246956821be3f3442e156a3b9fb551a799ae08f52ad340
D_pedro-orrego,Pedro José Orrego,ROBOMASTER_VIDEO_08,1944,64.119000,D_pedro-orrego/ROBOMASTER_VIDEO_08/images/frame_1944.jpg,105944,6b6dbfc39c9d43c313a21edc27a27f7a9dfbfd469ee8e001ae6a798f73e04bf7
D_pedro-orrego,Pedro José Orrego,ROBOMASTER_VIDEO_08,1968,64.911000,D_pedro-orrego/ROBOMASTER_VIDEO_08/images/frame_1968.jpg,156751,cc29a886c6c8a28cbe66ab6751dca51ea71c5b7d4fcb594eacec36d3c343d6bb
D_pedro-orrego,Pedro José Orrego,ROBOMASTER_VIDEO_08,1992,65.703000,D_pedro-orrego/ROBOMASTER_VIDEO_08/images/frame_1992.jpg,139980,38beeb9f41c29ef58838664d18959febef45cbed0318284ad7ae4a871c574f2b
D_pedro-orrego,Pedro José Orrego,ROBOMASTER_VIDEO_08,2016,66.495000,D_pedro-orrego/ROBOMASTER_VIDEO_08/images/frame_2016.jpg,142478,9550eace1b22c83b445d41275a31a2cb23b305a82dac122b7c9607bb400d157d
D_pedro-orrego,Pedro José Orrego,ROBOMASTER_VIDEO_08,2040,67.287000,D_pedro-orrego/ROBOMASTER_VIDEO_08/images/frame_2040.jpg,121769,4469d66b4b12fc605588facb3b0685720cc536cdcfd51eff2e15fe1bb4d04792
D_pedro-orrego,Pedro José Orrego,ROBOMASTER_VIDEO_08,2064,68.079000,D_pedro-orrego/ROBOMASTER_VIDEO_08/images/frame_2064.jpg,162399,8fdcaafcc62d4ba3c0b42b93529d4db998c564621ced32b64d5eea772d489197
D_pedro-orrego,Pedro José Orrego,ROBOMASTER_VIDEO_08,2088,68.871000,D_pedro-orrego/ROBOMASTER_VIDEO_08/images/frame_2088.jpg,160347,430f9775f6ceb9b59551a01ed88c5dad642dc881b60e5335931e36bed7d60004
D_pedro-orrego,Pedro José Orrego,ROBOMASTER_VIDEO_08,2112,69.663000,D_pedro-orrego/ROBOMASTER_VIDEO_08/images/frame_2112.jpg,159307,f23b34523d2e1e63b04a3a29550f5c7a62c7c886fe308967138b3ab14a0d86e6
D_pedro-orrego,Pedro José Orrego,ROBOMASTER_VIDEO_08,2136,70.455000,D_pedro-orrego/ROBOMASTER_VIDEO_08/images/frame_2136.jpg,158192,c4955006882beab0d2ba5b4d5bd06139cde72d976e73890d29be45e0f0279d7a
D_pedro-orrego,Pedro José Orrego,ROBOMASTER_VIDEO_08,2160,71.247000,D_pedro-orrego/ROBOMASTER_VIDEO_08/images/frame_2160.jpg,142886,72a18e3210c6525bc9c20dc256a9934bbf57ef6be34e6df1b95c019ba566db86
D_pedro-orrego,Pedro José Orrego,ROBOMASTER_VIDEO_08,2184,72.039000,D_pedro-orrego/ROBOMASTER_VIDEO_08/images/frame_2184.jpg,147414,7e3a62377548b5991e01cce8ad8ac0d054b7620d31256050f0ae64bb6d762b43
D_pedro-orrego,Pedro José Orrego,ROBOMASTER_VIDEO_08,2208,72.831000,D_pedro-orrego/ROBOMASTER_VIDEO_08/images/frame_2208.jpg,169278,1fb3e03eb14f9b46f48feed649151fe6b517dcd936e5efa3fe12b9447bf6b8c7
D_pedro-orrego,Pedro José Orrego,ROBOMASTER_VIDEO_08,2232,73.623000,D_pedro-orrego/ROBOMASTER_VIDEO_08/images/frame_2232.jpg,176161,098fee6e5187e1729da707e60408b90b879bd8a255ae1bc679249a92e063d60a
D_pedro-orrego,Pedro José Orrego,ROBOMASTER_VIDEO_08,2256,74.415000,D_pedro-orrego/ROBOMASTER_VIDEO_08/images/frame_2256.jpg,146266,c69f3b91cd6e013b21f997385fa2d4f20e7aeb4fd82fc2519d7a1af46d1ec3d7
D_pedro-orrego,Pedro José Orrego,ROBOMASTER_VIDEO_08,2280,75.207000,D_pedro-orrego/ROBOMASTER_VIDEO_08/images/frame_2280.jpg,162107,28a91985ffbffe3254522cca5e6c3e6a37493c76ed930f409faa32742e5565af
D_pedro-orrego,Pedro José Orrego,ROBOMASTER_VIDEO_08,2304,75.999000,D_pedro-orrego/ROBOMASTER_VIDEO_08/images/frame_2304.jpg,117049,2844dca28f6307b34d84c32ae673a624a5ff9a8c72372e1460fe988d0279eaf3
D_pedro-orrego,Pedro José Orrego,ROBOMASTER_VIDEO_08,2328,76.791000,D_pedro-orrego/ROBOMASTER_VIDEO_08/images/frame_2328.jpg,160801,0512d00d8347bf1eebc668f2016aa9b501b2909bc26bd792fef3e69688410193
D_pedro-orrego,Pedro José Orrego,ROBOMASTER_VIDEO_08,2352,77.583000,D_pedro-orrego/ROBOMASTER_VIDEO_08/images/frame_2352.jpg,161776,3cdb6577cbf4765ba11785bde04f06bc3876c99af30641ec9a24b4c5ffb7ca7a
D_pedro-orrego,Pedro José Orrego,ROBOMASTER_VIDEO_08,2376,78.375000,D_pedro-orrego/ROBOMASTER_VIDEO_08/images/frame_2376.jpg,171802,634c07f334fb5a0c117a3e4cdbbd65e28683d2110a781dd44608a066466b4c09
D_pedro-orrego,Pedro José Orrego,ROBOMASTER_VIDEO_08,2400,79.167000,D_pedro-orrego/ROBOMASTER_VIDEO_08/images/frame_2400.jpg,160579,4a456ad46151830a000a5b61c8a2eb04f06f879dbc1881a8ce2ddfbf70cd903c
D_pedro-orrego,Pedro José Orrego,ROBOMASTER_VIDEO_08,2424,79.959000,D_pedro-orrego/ROBOMASTER_VIDEO_08/images/frame_2424.jpg,134685,f26633bb6b5a876cbf45b93cd46e88a5fa5acd5134a9404d1eaf8172e3a38f86
D_pedro-orrego,Pedro José Orrego,ROBOMASTER_VIDEO_08,2448,80.751000,D_pedro-orrego/ROBOMASTER_VIDEO_08/images/frame_2448.jpg,122019,a25423d652c83f1bf63a5dc68a79367238e7802c0822bbedbf21d88ca785cf3c
E_daniel-naval,Daniel Naval,ROBOMASTER_VIDEO_09,24,0.759000,E_daniel-naval/ROBOMASTER_VIDEO_09/images/frame_0024.jpg,341842,fb9ef6359a309a481dd77f455019e41bbac1bbf9a506a77208484e4838bf1716
E_daniel-naval,Daniel Naval,ROBOMASTER_VIDEO_09,48,1.551000,E_daniel-naval/ROBOMASTER_VIDEO_09/images/frame_0048.jpg,217475,b251a228bc4e172df9788c749e8472b51d2fc13de8bb8c9fce914ad45cc2d551
E_daniel-naval,Daniel Naval,ROBOMASTER_VIDEO_09,72,2.343000,E_daniel-naval/ROBOMASTER_VIDEO_09/images/frame_0072.jpg,223515,27e398f66aa2cd20bf71b402ca6e03c4579a23cfce0e7639ef5413d6118398a1
E_daniel-naval,Daniel Naval,ROBOMASTER_VIDEO_09,96,3.135000,E_daniel-naval/ROBOMASTER_VIDEO_09/images/frame_0096.jpg,205603,34ef377a7b814c6e2e3510cc7877f76c20c1533b3a3d14a3a3285dea058d343e
E_daniel-naval,Daniel Naval,ROBOMASTER_VIDEO_09,120,3.927000,E_daniel-naval/ROBOMASTER_VIDEO_09/images/frame_0120.jpg,216847,b2bbc529582aa3594ac5c2f6fcae2d9da9058b8e980af8c59bc09dc40a7796b5
E_daniel-naval,Daniel Naval,ROBOMASTER_VIDEO_09,144,4.719000,E_daniel-naval/ROBOMASTER_VIDEO_09/images/frame_0144.jpg,217397,523c1d7c3a116561fd008820d8c6f17716d60d52dbc71e0ff5818190950a6440
E_daniel-naval,Daniel Naval,ROBOMASTER_VIDEO_09,168,5.511000,E_daniel-naval/ROBOMASTER_VIDEO_09/images/frame_0168.jpg,243566,6770d61ebbad622200d6fc9bff5acee6a9b4746cfb12e2aea828213d269bc67d
E_daniel-naval,Daniel Naval,ROBOMASTER_VIDEO_09,192,6.303000,E_daniel-naval/ROBOMASTER_VIDEO_09/images/frame_0192.jpg,196505,4b9d207e741d09ff8d337e9cc22ecfe108bde3b3541975d55d9282adf7a02817
E_daniel-naval,Daniel Naval,ROBOMASTER_VIDEO_09,216,7.095000,E_daniel-naval/ROBOMASTER_VIDEO_09/images/frame_0216.jpg,264105,8412c7cfc44d720b0d9e2b9925905eabf49bf95d8976b56e552d121677663692
E_daniel-naval,Daniel Naval,ROBOMASTER_VIDEO_09,240,7.887000,E_daniel-naval/ROBOMASTER_VIDEO_09/images/frame_0240.jpg,221705,109644e58bfe94d2d980fe12395db651ab6c340f418268727202fb161bb9e6eb
E_daniel-naval,Daniel Naval,ROBOMASTER_VIDEO_09,264,8.679000,E_daniel-naval/ROBOMASTER_VIDEO_09/images/frame_0264.jpg,219834,42a8bd9137ca7adf970ca03cefac4166da86639098b04e18632d2a18ce696f71
E_daniel-naval,Daniel Naval,ROBOMASTER_VIDEO_09,288,9.471000,E_daniel-naval/ROBOMASTER_VIDEO_09/images/frame_0288.jpg,214637,9debed74396759a13307e197d88dacc6f9c2cc89f63f7f203546caec10a40fe3
E_daniel-naval,Daniel Naval,ROBOMASTER_VIDEO_09,312,10.263000,E_daniel-naval/ROBOMASTER_VIDEO_09/images/frame_0312.jpg,221474,01a42fc1e8fa8c3323374d4f3b3bda1edfddbffd1adc096fc8e2a5a6d4f0cb37
E_daniel-naval,Daniel Naval,ROBOMASTER_VIDEO_09,336,11.055000,E_daniel-naval/ROBOMASTER_VIDEO_09/images/frame_0336.jpg,209517,31f9e08ed508cadb775250daf499fa9a7c914df87f7be8017d9b29a168c56ff1
E_daniel-naval,Daniel Naval,ROBOMASTER_VIDEO_09,360,11.847000,E_daniel-naval/ROBOMASTER_VIDEO_09/images/frame_0360.jpg,213205,af617afd4b0bebe4ac9fca5fac591a7819ad37c7c75e3f44b94cc7f63b96753c
E_daniel-naval,Daniel Naval,ROBOMASTER_VIDEO_09,384,12.639000,E_daniel-naval/ROBOMASTER_VIDEO_09/images/frame_0384.jpg,286292,d4b962969cb1e2f28cdb0aa30be9258f3af8ace337c6a04db535c4f0d24b99b9
E_daniel-naval,Daniel Naval,ROBOMASTER_VIDEO_09,408,13.431000,E_daniel-naval/ROBOMASTER_VIDEO_09/images/frame_0408.jpg,264414,a5ab7ab57a762e571066f1c4338079884be12327fcbd6d32535572cea8ba4cb3
E_daniel-naval,Daniel Naval,ROBOMASTER_VIDEO_09,432,14.223000,E_daniel-naval/ROBOMASTER_VIDEO_09/images/frame_0432.jpg,217302,6c5383c93e81b4741b8d4253eb6941bd340a4f1cf809aa7d89c5889badc8dfd6
E_daniel-naval,Daniel Naval,ROBOMASTER_VIDEO_09,456,15.015000,E_daniel-naval/ROBOMASTER_VIDEO_09/images/frame_0456.jpg,177318,4257a0c4a2f1baa367c31d2edc0f05852d4756f98c2f4e808f699c82edfc9eff
E_daniel-naval,Daniel Naval,ROBOMASTER_VIDEO_09,480,15.807000,E_daniel-naval/ROBOMASTER_VIDEO_09/images/frame_0480.jpg,198042,0c9c79b4ee134e46fcb954b27513289c2e54b280d2a10a650291d5423f050746
E_daniel-naval,Daniel Naval,ROBOMASTER_VIDEO_09,504,16.599000,E_daniel-naval/ROBOMASTER_VIDEO_09/images/frame_0504.jpg,213193,ea23067387dd4aece96aeee75b726ab91a95c5f76cfaf99ef30ebe1c2eedafa2
E_daniel-naval,Daniel Naval,ROBOMASTER_VIDEO_09,528,17.391000,E_daniel-naval/ROBOMASTER_VIDEO_09/images/frame_0528.jpg,232351,c79b9ed441389389f22efd14a2fc48633f62d0e512d85811c829e624e44982e2
E_daniel-naval,Daniel Naval,ROBOMASTER_VIDEO_09,552,18.183000,E_daniel-naval/ROBOMASTER_VIDEO_09/images/frame_0552.jpg,201087,9ed3fbc03dd1de44bf28345cf1d149894bbcfec840f02704e50e77483a022a4a
E_daniel-naval,Daniel Naval,ROBOMASTER_VIDEO_09,576,18.975000,E_daniel-naval/ROBOMASTER_VIDEO_09/images/frame_0576.jpg,205878,f716beeac2fd42a7fc5e200cb80b45752cf97964d4e0ca3681d17726035b2c2e
E_daniel-naval,Daniel Naval,ROBOMASTER_VIDEO_09,600,19.767000,E_daniel-naval/ROBOMASTER_VIDEO_09/images/frame_0600.jpg,179569,6a2466585f70b4f713ac22b57c557afafa8754b06d0e9db30da8a7efdc15e90f
E_daniel-naval,Daniel Naval,ROBOMASTER_VIDEO_09,624,20.559000,E_daniel-naval/ROBOMASTER_VIDEO_09/images/frame_0624.jpg,289250,545d29bf7486fb52160e8d6c1a36e93ad22b903dedaa1a7eaa3f64ac75c12abc
E_daniel-naval,Daniel Naval,ROBOMASTER_VIDEO_09,648,21.351000,E_daniel-naval/ROBOMASTER_VIDEO_09/images/frame_0648.jpg,211773,c301779e693281b2ec6f73aedf42a5822ffac2c91daced69301de6683b42eedd
E_daniel-naval,Daniel Naval,ROBOMASTER_VIDEO_09,672,22.143000,E_daniel-naval/ROBOMASTER_VIDEO_09/images/frame_0672.jpg,122928,2be7a23eab2b5834daed366829ca6c190854ad66cb3466e3139552a318815d46
E_daniel-naval,Daniel Naval,ROBOMASTER_VIDEO_09,696,22.935000,E_daniel-naval/ROBOMASTER_VIDEO_09/images/frame_0696.jpg,167644,5547e1c8e72dd1c0f6e998b7e0963af4aab6b161066acf7681e8ba2efaf38f7b
E_daniel-naval,Daniel Naval,ROBOMASTER_VIDEO_09,720,23.727000,E_daniel-naval/ROBOMASTER_VIDEO_09/images/frame_0720.jpg,150505,4ecd6cc959e41ad69c567281b0a441838f6a609f731684a9296ab8ec29c9005a
E_daniel-naval,Daniel Naval,ROBOMASTER_VIDEO_09,744,24.519000,E_daniel-naval/ROBOMASTER_VIDEO_09/images/frame_0744.jpg,164349,03f5a956440f57420c96c58be1a7dbff49753698e40e5a58a67478dea83cff21
E_daniel-naval,Daniel Naval,ROBOMASTER_VIDEO_09,768,25.311000,E_daniel-naval/ROBOMASTER_VIDEO_09/images/frame_0768.jpg,270648,cb9e0a32a7d74dfdf38cc87957223cdd568304c25c246e885b1b82d714e4a86a
E_daniel-naval,Daniel Naval,ROBOMASTER_VIDEO_09,792,26.103000,E_daniel-naval/ROBOMASTER_VIDEO_09/images/frame_0792.jpg,164020,7d64dac9ea2c6f068dfaf8d6f90246bc7ebedec743d11068da952a62cef2d194
E_daniel-naval,Daniel Naval,ROBOMASTER_VIDEO_09,816,26.895000,E_daniel-naval/ROBOMASTER_VIDEO_09/images/frame_0816.jpg,230766,232ed355d0e63fb6ee727926e9a9753809ef085f7327ef229d990a87bbc21719
E_daniel-naval,Daniel Naval,ROBOMASTER_VIDEO_09,840,27.687000,E_daniel-naval/ROBOMASTER_VIDEO_09/images/frame_0840.jpg,231875,215b26475e702262c8e1125d212b83e25f6599ec5abf641eed8f29b3f4283836
E_daniel-naval,Daniel Naval,ROBOMASTER_VIDEO_09,864,28.479000,E_daniel-naval/ROBOMASTER_VIDEO_09/images/frame_0864.jpg,198668,470d9b62cd07d80ec041e3d6be5cc3e1f0d778b40537558fa57b4f121620637b
E_daniel-naval,Daniel Naval,ROBOMASTER_VIDEO_09,888,29.271000,E_daniel-naval/ROBOMASTER_VIDEO_09/images/frame_0888.jpg,302930,174a94239b010065505634d25b6339df0852dacabb04a32411f34fdcc060af2a
E_daniel-naval,Daniel Naval,ROBOMASTER_VIDEO_09,912,30.063000,E_daniel-naval/ROBOMASTER_VIDEO_09/images/frame_0912.jpg,263430,484fc48291092c8877ccf9d0f26309f28b7e34842f261e4fbaa339ea01699b5b
E_daniel-naval,Daniel Naval,ROBOMASTER_VIDEO_09,936,30.855000,E_daniel-naval/ROBOMASTER_VIDEO_09/images/frame_0936.jpg,198221,fb696060f36d4f8b0353ef5d503ffc254ef58d30e629e41a3b0ba30c45b72a6c
E_daniel-naval,Daniel Naval,ROBOMASTER_VIDEO_09,960,31.647000,E_daniel-naval/ROBOMASTER_VIDEO_09/images/frame_0960.jpg,266210,d11c7a97b8f6479f6a9a36d9cddac9314c60b4ff061949604f151bdcf17f0ef7
E_daniel-naval,Daniel Naval,ROBOMASTER_VIDEO_09,984,32.439000,E_daniel-naval/ROBOMASTER_VIDEO_09/images/frame_0984.jpg,241276,24ee426f4d31d8e79b0bd89e921708c9c51516400790ff40463a16bf3d45f77c
E_daniel-naval,Daniel Naval,ROBOMASTER_VIDEO_09,1008,33.231000,E_daniel-naval/ROBOMASTER_VIDEO_09/images/frame_1008.jpg,142699,468725cf7d23e99cd60a38eade0c8f99f3231f9b584fc3326963c22313318c47
E_daniel-naval,Daniel Naval,ROBOMASTER_VIDEO_09,1032,34.023000,E_daniel-naval/ROBOMASTER_VIDEO_09/images/frame_1032.jpg,213870,e163885b5fe62b5fc0b18ee3bd4c987aeaaea1067ea40bb1400cf4841716acf8
E_daniel-naval,Daniel Naval,ROBOMASTER_VIDEO_09,1056,34.815000,E_daniel-naval/ROBOMASTER_VIDEO_09/images/frame_1056.jpg,173191,b8c8ba44ffa08279075ceb9dbe374f38ea161fa73ec8ff7248ade4802d2da8d8
E_daniel-naval,Daniel Naval,ROBOMASTER_VIDEO_09,1080,35.607000,E_daniel-naval/ROBOMASTER_VIDEO_09/images/frame_1080.jpg,183390,3b6d9ee9c3f7674d922a42ea5591b0a1d414d09f6c1a73323f09532c12cee432
E_daniel-naval,Daniel Naval,ROBOMASTER_VIDEO_09,1104,36.399000,E_daniel-naval/ROBOMASTER_VIDEO_09/images/frame_1104.jpg,178945,b1fab0094fa6cd034d327eba31a041fcc0afbdf3fc60922cb2851b5f949f52eb
E_daniel-naval,Daniel Naval,ROBOMASTER_VIDEO_09,1128,37.191000,E_daniel-naval/ROBOMASTER_VIDEO_09/images/frame_1128.jpg,145041,87e14caa407373d5a8401febcf03ad61b5526dc6df1887ba9005b2f7f0919b86
E_daniel-naval,Daniel Naval,ROBOMASTER_VIDEO_09,1152,37.983000,E_daniel-naval/ROBOMASTER_VIDEO_09/images/frame_1152.jpg,158587,1df47c4c58e522bd4423e98f243e1d0ac035f834f685f3a8edac2f8d26fba30c
E_daniel-naval,Daniel Naval,ROBOMASTER_VIDEO_09,1176,38.775000,E_daniel-naval/ROBOMASTER_VIDEO_09/images/frame_1176.jpg,188575,94c34b15358d3b4667e97278903ec47a6ffb20c9e5cf8c48f24cabe918c01899
E_daniel-naval,Daniel Naval,ROBOMASTER_VIDEO_09,1200,39.567000,E_daniel-naval/ROBOMASTER_VIDEO_09/images/frame_1200.jpg,220982,9f7f9ee256a4a57ce41532a5e9fe3cad2107b243af5cc671c884563bd162fe0f
E_daniel-naval,Daniel Naval,ROBOMASTER_VIDEO_09,1224,40.359000,E_daniel-naval/ROBOMASTER_VIDEO_09/images/frame_1224.jpg,192354,9742bedbbff8b4cadc9de91db02f18498372099bc0f7daba3d92a48a421f33e7
E_daniel-naval,Daniel Naval,ROBOMASTER_VIDEO_09,1248,41.151000,E_daniel-naval/ROBOMASTER_VIDEO_09/images/frame_1248.jpg,282682,13d1d7338be5ac2e932fe21aa4b1a7443550910a9453fa9d739181dd8e68cad4
E_daniel-naval,Daniel Naval,ROBOMASTER_VIDEO_09,1272,41.943000,E_daniel-naval/ROBOMASTER_VIDEO_09/images/frame_1272.jpg,264966,b46aa0215b05809f3b567c80c9a8cbcbcc1dd86bf7a0814218d946db0d7a7cf6
E_daniel-naval,Daniel Naval,ROBOMASTER_VIDEO_09,1296,42.735000,E_daniel-naval/ROBOMASTER_VIDEO_09/images/frame_1296.jpg,174461,e2fe305e24a8d323660a76e20ca9fffca98ad991114f0f92f2808cac61b2a630
E_daniel-naval,Daniel Naval,ROBOMASTER_VIDEO_09,1320,43.527000,E_daniel-naval/ROBOMASTER_VIDEO_09/images/frame_1320.jpg,129119,190cf4c80d300e9f091aaa64e0ee3e18dab9f9516926acb19a3d963616f65291
E_daniel-naval,Daniel Naval,ROBOMASTER_VIDEO_09,1344,44.319000,E_daniel-naval/ROBOMASTER_VIDEO_09/images/frame_1344.jpg,181571,b5e05e8acd8206a8920fef11bbc475ff44c00ea7dbefcd8dab0e4e52cdb57683
E_daniel-naval,Daniel Naval,ROBOMASTER_VIDEO_09,1368,45.111000,E_daniel-naval/ROBOMASTER_VIDEO_09/images/frame_1368.jpg,110305,069ae18ab90f3c1c468cafd0c473b93eed253dd0f6c0846ac5183e3e5dd36005
E_daniel-naval,Daniel Naval,ROBOMASTER_VIDEO_09,1392,45.903000,E_daniel-naval/ROBOMASTER_VIDEO_09/images/frame_1392.jpg,191770,df2cac9b5000605f04a4a59d801a2d7d630ceb381c2ed457c1968904a1ef131a
E_daniel-naval,Daniel Naval,ROBOMASTER_VIDEO_09,1416,46.695000,E_daniel-naval/ROBOMASTER_VIDEO_09/images/frame_1416.jpg,319465,4ab38c4d58c91845f92a7b62d5904a92d67a36eda6f75f1964dfc3bc0c69bdb2
E_daniel-naval,Daniel Naval,ROBOMASTER_VIDEO_09,1440,47.487000,E_daniel-naval/ROBOMASTER_VIDEO_09/images/frame_1440.jpg,202206,8e94e891d0e9fc714de1749e95d586fb2563e79646b8f599fbbb0f0d9655b748
E_daniel-naval,Daniel Naval,ROBOMASTER_VIDEO_09,1464,48.279000,E_daniel-naval/ROBOMASTER_VIDEO_09/images/frame_1464.jpg,209994,97508ff4ccba733d455dea7b630a66beb729500b74b89044259c20052ded9f9f
E_daniel-naval,Daniel Naval,ROBOMASTER_VIDEO_09,1488,49.071000,E_daniel-naval/ROBOMASTER_VIDEO_09/images/frame_1488.jpg,211767,34d4f3e76abdb49f8aa4b06c6269c74c93537bc2cd8f1955f2d82c5371443cfe
E_daniel-naval,Daniel Naval,ROBOMASTER_VIDEO_09,1512,49.863000,E_daniel-naval/ROBOMASTER_VIDEO_09/images/frame_1512.jpg,288739,81af8d9d43c8ae71d7b3c6e3dcb9604827e9ba3a8fa7cb0542eb215c3a224a9b
E_daniel-naval,Daniel Naval,ROBOMASTER_VIDEO_09,1536,50.655000,E_daniel-naval/ROBOMASTER_VIDEO_09/images/frame_1536.jpg,204877,93f1c6295e381b8e039392b94449cf3a06a1115d33a735398f014c97539ffe4a
E_daniel-naval,Daniel Naval,ROBOMASTER_VIDEO_09,1560,51.447000,E_daniel-naval/ROBOMASTER_VIDEO_09/images/frame_1560.jpg,182410,68c397541461b4debcc2ec70f7b7bf91e3434e3f9634b1eec0afb640459f7818
E_daniel-naval,Daniel Naval,ROBOMASTER_VIDEO_09,1584,52.239000,E_daniel-naval/ROBOMASTER_VIDEO_09/images/frame_1584.jpg,194228,83c6a9667644c453d8a4419db14c500fd880da38421e92df3f1c7acb2d18f8f5
E_daniel-naval,Daniel Naval,ROBOMASTER_VIDEO_09,1608,53.031000,E_daniel-naval/ROBOMASTER_VIDEO_09/images/frame_1608.jpg,200325,317150557ac84a04e41b8dc17dc46e2e45efabce30f3eeae705e6b942537bc4f
E_daniel-naval,Daniel Naval,ROBOMASTER_VIDEO_09,1632,53.823000,E_daniel-naval/ROBOMASTER_VIDEO_09/images/frame_1632.jpg,126171,5944e6d35b9dda4bfa6fa36a42a742ee3cb2ddbdb2194130e20dfecb6fd5a927
E_daniel-naval,Daniel Naval,ROBOMASTER_VIDEO_09,1656,54.615000,E_daniel-naval/ROBOMASTER_VIDEO_09/images/frame_1656.jpg,187566,b7b23cdeac5ea0a9926eff1003c2810e0b574c3efa079a1abc09573860974584
E_daniel-naval,Daniel Naval,ROBOMASTER_VIDEO_09,1680,55.407000,E_daniel-naval/ROBOMASTER_VIDEO_09/images/frame_1680.jpg,243307,ecefb75585672d7d9bd5d8c395e3abad54c19a9d7639ba0ccf4c80f9d015d83b
E_daniel-naval,Daniel Naval,ROBOMASTER_VIDEO_09,1704,56.199000,E_daniel-naval/ROBOMASTER_VIDEO_09/images/frame_1704.jpg,218335,540bd39c44b58041e9d2f78593a143cd0a6170db22a5751546d39c70d1e30acb
E_daniel-naval,Daniel Naval,ROBOMASTER_VIDEO_10,24,0.759000,E_daniel-naval/ROBOMASTER_VIDEO_10/images/frame_0024.jpg,194312,df29d7c39340577981c99c6f00379d207f774ff0ac4a0e34323be786cd51ef55
E_daniel-naval,Daniel Naval,ROBOMASTER_VIDEO_10,48,1.551000,E_daniel-naval/ROBOMASTER_VIDEO_10/images/frame_0048.jpg,135835,0584aecf854036c18ec86dad73afa22bedd57a87e37038ec1bed51b6cb8da3ad
E_daniel-naval,Daniel Naval,ROBOMASTER_VIDEO_10,72,2.343000,E_daniel-naval/ROBOMASTER_VIDEO_10/images/frame_0072.jpg,130365,be9e3195cf1a403933947b948b3353a73dde1e82edd42e9c3fa3797ba589e46b
E_daniel-naval,Daniel Naval,ROBOMASTER_VIDEO_10,96,3.135000,E_daniel-naval/ROBOMASTER_VIDEO_10/images/frame_0096.jpg,128645,050298a043f484d1dd5f6d712706dc1a6b68dfaa337fa826c054f16aed80301f
E_daniel-naval,Daniel Naval,ROBOMASTER_VIDEO_10,120,3.927000,E_daniel-naval/ROBOMASTER_VIDEO_10/images/frame_0120.jpg,122394,5d7f2b926c2127605ade33dd7c6ec32543d7a543912a62b9e99c94e6f0e28cc5
E_daniel-naval,Daniel Naval,ROBOMASTER_VIDEO_10,144,4.719000,E_daniel-naval/ROBOMASTER_VIDEO_10/images/frame_0144.jpg,89779,818e79bcacdbb957ba76e50fd375d9c1acb13b45cafb985880998a3d023617b4
E_daniel-naval,Daniel Naval,ROBOMASTER_VIDEO_10,168,5.511000,E_daniel-naval/ROBOMASTER_VIDEO_10/images/frame_0168.jpg,100720,09b65f3b065810c570c13c303e1db2107e801fbd7bc00386e623bd536c606e08
E_daniel-naval,Daniel Naval,ROBOMASTER_VIDEO_10,192,6.303000,E_daniel-naval/ROBOMASTER_VIDEO_10/images/frame_0192.jpg,96771,4ee273b92ccc3db2e1edc36ed1929ab896b7f7684d55e7e2c3babc20ae443e03
E_daniel-naval,Daniel Naval,ROBOMASTER_VIDEO_10,216,7.095000,E_daniel-naval/ROBOMASTER_VIDEO_10/images/frame_0216.jpg,97554,0985dc4b242c17950bbdaff2c1f2a495cca50da3f5588ca5c348dbb74c932475
E_daniel-naval,Daniel Naval,ROBOMASTER_VIDEO_10,240,7.887000,E_daniel-naval/ROBOMASTER_VIDEO_10/images/frame_0240.jpg,96885,ec6c0163144bb924d32fb56a73489dde583a5f51b9be366eed2a63dceb10c350
E_daniel-naval,Daniel Naval,ROBOMASTER_VIDEO_10,264,8.679000,E_daniel-naval/ROBOMASTER_VIDEO_10/images/frame_0264.jpg,105985,82fb3adbd45347d8d19a3ecc560a260f30e1ffce620de014a8db17fc67853cf7
E_daniel-naval,Daniel Naval,ROBOMASTER_VIDEO_10,288,9.471000,E_daniel-naval/ROBOMASTER_VIDEO_10/images/frame_0288.jpg,114212,e27023bb57ea211af94a974eadd97a0ebae22617021825aa63d8800a0f12bebc
E_daniel-naval,Daniel Naval,ROBOMASTER_VIDEO_10,312,10.263000,E_daniel-naval/ROBOMASTER_VIDEO_10/images/frame_0312.jpg,123347,24f3b384fac5cda6e860448bd6f6b513b98cd475bf894b8afdbc6b8af82136d1
E_daniel-naval,Daniel Naval,ROBOMASTER_VIDEO_10,336,11.055000,E_daniel-naval/ROBOMASTER_VIDEO_10/images/frame_0336.jpg,117262,350273048ecd9263588cd0dc902065ec469b200670064e34a4035a5666cecfa5
E_daniel-naval,Daniel Naval,ROBOMASTER_VIDEO_10,360,11.847000,E_daniel-naval/ROBOMASTER_VIDEO_10/images/frame_0360.jpg,132912,72aa0960044e466648a3106479ca37db960aa4947b8ebac4b570c3592d2f3754
E_daniel-naval,Daniel Naval,ROBOMASTER_VIDEO_10,384,12.639000,E_daniel-naval/ROBOMASTER_VIDEO_10/images/frame_0384.jpg,175948,d70dcc08e6288e46e85627af9c4430b6c646fc93b593052380dfc0c2b68b9917
E_daniel-naval,Daniel Naval,ROBOMASTER_VIDEO_10,408,13.431000,E_daniel-naval/ROBOMASTER_VIDEO_10/images/frame_0408.jpg,147498,68fd809d8008505ebe7a0ac78d9a8e04c9d5223204eb9941ae65676916d1df38
E_daniel-naval,Daniel Naval,ROBOMASTER_VIDEO_10,432,14.223000,E_daniel-naval/ROBOMASTER_VIDEO_10/images/frame_0432.jpg,134825,698aaeac2e0099579d42377b1aa686887f2578cc477d0efb930db96ae64f332b
E_daniel-naval,Daniel Naval,ROBOMASTER_VIDEO_10,456,15.015000,E_daniel-naval/ROBOMASTER_VIDEO_10/images/frame_0456.jpg,150927,d1cb5ecb0f0e58ff381cf2a68dc999db61af452027e8129c36813c914ecf5a71
E_daniel-naval,Daniel Naval,ROBOMASTER_VIDEO_10,480,15.807000,E_daniel-naval/ROBOMASTER_VIDEO_10/images/frame_0480.jpg,133981,62b5fac0bb528fac85f97f1b6aabdddbab21c79e27e1f17d48603063d45c5dca
E_daniel-naval,Daniel Naval,ROBOMASTER_VIDEO_10,504,16.599000,E_daniel-naval/ROBOMASTER_VIDEO_10/images/frame_0504.jpg,136085,c3e59039d8abe5df6887892372e3b470b3a579cb70896ac1fa9e9fba71b2d231
E_daniel-naval,Daniel Naval,ROBOMASTER_VIDEO_10,528,17.391000,E_daniel-naval/ROBOMASTER_VIDEO_10/images/frame_0528.jpg,166280,12fdf15a303c2c694c6f7c588c72ac3fb74f0ff11824d42e3870d4d98de8be7e
E_daniel-naval,Daniel Naval,ROBOMASTER_VIDEO_10,552,18.183000,E_daniel-naval/ROBOMASTER_VIDEO_10/images/frame_0552.jpg,130774,608dbe237ce1d2d0330255ea680ad8049643276a1931aeecb62b8d063ada4b61
E_daniel-naval,Daniel Naval,ROBOMASTER_VIDEO_10,576,18.975000,E_daniel-naval/ROBOMASTER_VIDEO_10/images/frame_0576.jpg,140406,1f36aedd1c0b78c20c6d3352e7d40aa99c1e4d67565b4d81ad3f7f67554fa858
E_daniel-naval,Daniel Naval,ROBOMASTER_VIDEO_10,600,19.767000,E_daniel-naval/ROBOMASTER_VIDEO_10/images/frame_0600.jpg,117819,32dba2bf7d1d76ebf8f541eac21cb4ae216d374a2fa70e0950bbe81f5a5f7c53
E_daniel-naval,Daniel Naval,ROBOMASTER_VIDEO_10,624,20.559000,E_daniel-naval/ROBOMASTER_VIDEO_10/images/frame_0624.jpg,136502,0bbec0bdcecbe93b1e635502b174ea21600af3b01ef3935a4647b1c85ec3ac15
E_daniel-naval,Daniel Naval,ROBOMASTER_VIDEO_10,648,21.351000,E_daniel-naval/ROBOMASTER_VIDEO_10/images/frame_0648.jpg,145575,30abcae2bb3a81f60bca7b8bc8684cd9583062cb8939ba33d6c623aceab81dc6
E_daniel-naval,Daniel Naval,ROBOMASTER_VIDEO_10,672,22.143000,E_daniel-naval/ROBOMASTER_VIDEO_10/images/frame_0672.jpg,143173,211509d5e633a9e54e15e8623e1a0a11122324e617ac8f59d8545bdd87b620ea
E_daniel-naval,Daniel Naval,ROBOMASTER_VIDEO_10,696,22.935000,E_daniel-naval/ROBOMASTER_VIDEO_10/images/frame_0696.jpg,132418,72d7e6b6d96b009e7c15aea26b83151166fa4e1670da0ead6de6e1fe3058eea7
E_daniel-naval,Daniel Naval,ROBOMASTER_VIDEO_10,720,23.727000,E_daniel-naval/ROBOMASTER_VIDEO_10/images/frame_0720.jpg,127226,e216fad6bbd8ded63a266982aeebd38fe01de5174f93cf3e34f4691ecbc30c89
E_daniel-naval,Daniel Naval,ROBOMASTER_VIDEO_10,744,24.519000,E_daniel-naval/ROBOMASTER_VIDEO_10/images/frame_0744.jpg,138572,5622d872aa37729524f98fb82f18d97c7716ea6e4cbd3f0ae94c1b08acdf89e6
E_daniel-naval,Daniel Naval,ROBOMASTER_VIDEO_10,768,25.311000,E_daniel-naval/ROBOMASTER_VIDEO_10/images/frame_0768.jpg,149406,d91142f6b87d7930fd6a4c29d8c5d0977583f41df9ef73a1e897623cc3e7c147
E_daniel-naval,Daniel Naval,ROBOMASTER_VIDEO_10,792,26.103000,E_daniel-naval/ROBOMASTER_VIDEO_10/images/frame_0792.jpg,118042,85efe11c726578236f40056766e3b83a798d3bb119d87467ef52ef4d00f6422a
E_daniel-naval,Daniel Naval,ROBOMASTER_VIDEO_10,816,26.895000,E_daniel-naval/ROBOMASTER_VIDEO_10/images/frame_0816.jpg,103122,708b76a38117d7df3ac19301ec1f78756f0af9582de20d4643454d89a949c97f
E_daniel-naval,Daniel Naval,ROBOMASTER_VIDEO_10,840,27.687000,E_daniel-naval/ROBOMASTER_VIDEO_10/images/frame_0840.jpg,90963,1582903dd42992a79db903602f63e6137b6b83bae3ba7edfbb70df8ab8d93a45
E_daniel-naval,Daniel Naval,ROBOMASTER_VIDEO_10,864,28.479000,E_daniel-naval/ROBOMASTER_VIDEO_10/images/frame_0864.jpg,157954,b0bce7fb2bd42854c1c98e6254d2aeff9dffced8f8982603fcdb136b5daabcdb
E_daniel-naval,Daniel Naval,ROBOMASTER_VIDEO_10,888,29.271000,E_daniel-naval/ROBOMASTER_VIDEO_10/images/frame_0888.jpg,128786,5faf9455635c6d05810e082d4710f149c5a9b52cafd492d99e643cf46c1a548b
E_daniel-naval,Daniel Naval,ROBOMASTER_VIDEO_10,912,30.063000,E_daniel-naval/ROBOMASTER_VIDEO_10/images/frame_0912.jpg,130855,2ae811e1fc5b0df1da7eba577f8f848927d20f7adefe4bf6be2e4740a776bd76
E_daniel-naval,Daniel Naval,ROBOMASTER_VIDEO_10,936,30.855000,E_daniel-naval/ROBOMASTER_VIDEO_10/images/frame_0936.jpg,120529,99c3baa2739cca28f92524fa97b032e4834d68b20fd1eba63e014ebb29acb20e
E_daniel-naval,Daniel Naval,ROBOMASTER_VIDEO_10,960,31.647000,E_daniel-naval/ROBOMASTER_VIDEO_10/images/frame_0960.jpg,106869,79c42123ed6d0365f30b0cb32f67a82239d2aa4ad8c53130bc99ce99b882e118
E_daniel-naval,Daniel Naval,ROBOMASTER_VIDEO_10,984,32.439000,E_daniel-naval/ROBOMASTER_VIDEO_10/images/frame_0984.jpg,120065,091da5669002a4babd959cb2c2270db013e60edf9080206115c642680d135a99
E_daniel-naval,Daniel Naval,ROBOMASTER_VIDEO_10,1008,33.231000,E_daniel-naval/ROBOMASTER_VIDEO_10/images/frame_1008.jpg,143899,7e9f8c4bf7ffbd5db28b1bc3c632be63e86216fec5dbd0bb77a708f9e27cda87
E_daniel-naval,Daniel Naval,ROBOMASTER_VIDEO_10,1032,34.023000,E_daniel-naval/ROBOMASTER_VIDEO_10/images/frame_1032.jpg,123558,94f7b20974af8437ab9240d2cfa6f274deae48651df0ed2e7407d421146eaab8
E_daniel-naval,Daniel Naval,ROBOMASTER_VIDEO_10,1056,34.815000,E_daniel-naval/ROBOMASTER_VIDEO_10/images/frame_1056.jpg,109361,dbc6310df3439886667d29ecc69d10e0e853d0831169ef37721da2772eb678ae
E_daniel-naval,Daniel Naval,ROBOMASTER_VIDEO_10,1080,35.607000,E_daniel-naval/ROBOMASTER_VIDEO_10/images/frame_1080.jpg,152857,fe898defeb748e57ffa62f768e859ec2aa4e9dea38639e5489572870588c5817
E_daniel-naval,Daniel Naval,ROBOMASTER_VIDEO_10,1104,36.399000,E_daniel-naval/ROBOMASTER_VIDEO_10/images/frame_1104.jpg,158773,e3c40df909054392178d4f503aaeb1775fd1ff16b1fae3242c6bb3287a85f4e1
E_daniel-naval,Daniel Naval,ROBOMASTER_VIDEO_10,1128,37.191000,E_daniel-naval/ROBOMASTER_VIDEO_10/images/frame_1128.jpg,141264,ac82778e5c5726039490fe18e93e9b57e5943698330c2c2c0946b6bdbd8de351
E_daniel-naval,Daniel Naval,ROBOMASTER_VIDEO_10,1152,37.983000,E_daniel-naval/ROBOMASTER_VIDEO_10/images/frame_1152.jpg,91626,1a5ecbf13c515ae918ae8a569a7f96f4f85a61545bad183c86d58a671ba48b02
E_daniel-naval,Daniel Naval,ROBOMASTER_VIDEO_10,1176,38.775000,E_daniel-naval/ROBOMASTER_VIDEO_10/images/frame_1176.jpg,112324,9fc738da090c2c46c94680d2ec1ad61a1d70d2081351f07e589437bba533e118
E_daniel-naval,Daniel Naval,ROBOMASTER_VIDEO_10,1200,39.567000,E_daniel-naval/ROBOMASTER_VIDEO_10/images/frame_1200.jpg,127652,2b344a7869919f4bb52b09593e7dfd54a46ccf9e5469bc5b7d427110946f85de
E_daniel-naval,Daniel Naval,ROBOMASTER_VIDEO_10,1224,40.359000,E_daniel-naval/ROBOMASTER_VIDEO_10/images/frame_1224.jpg,115511,16474be24b0b110a6ad5fa51849b764dbd2366b872a762461dff8a0e91810a21
E_daniel-naval,Daniel Naval,ROBOMASTER_VIDEO_10,1248,41.151000,E_daniel-naval/ROBOMASTER_VIDEO_10/images/frame_1248.jpg,109770,fead337d7ff95095d423622de86044bf4fe08e5f8a6447935c3e60add2aa36f5
E_daniel-naval,Daniel Naval,ROBOMASTER_VIDEO_10,1272,41.943000,E_daniel-naval/ROBOMASTER_VIDEO_10/images/frame_1272.jpg,101929,dba4441d67c3c89e14e8ee292e5662b19a963077d2b6394b57ec1f921dbb739b
E_daniel-naval,Daniel Naval,ROBOMASTER_VIDEO_10,1296,42.735000,E_daniel-naval/ROBOMASTER_VIDEO_10/images/frame_1296.jpg,126665,4f103a82a9812d4d201d66d1e578b0672bc6840124f5bf365fcc0c485d66481a
E_daniel-naval,Daniel Naval,ROBOMASTER_VIDEO_10,1320,43.527000,E_daniel-naval/ROBOMASTER_VIDEO_10/images/frame_1320.jpg,119729,211e53d4695311e30aa3c394fbe3d2f11684cf62ed83b7e0c86542b4965af7e4
E_daniel-naval,Daniel Naval,ROBOMASTER_VIDEO_10,1344,44.319000,E_daniel-naval/ROBOMASTER_VIDEO_10/images/frame_1344.jpg,147025,d476ecb40eaa27c93ac01b0355d37e391d20bcff9e7a83fa48f0a86df97526e3
E_daniel-naval,Daniel Naval,ROBOMASTER_VIDEO_10,1368,45.111000,E_daniel-naval/ROBOMASTER_VIDEO_10/images/frame_1368.jpg,141554,5a1a76e91a9f109120fdee7d8862a749a6625d9b02df5b3c2a8e3e3d16662f53
E_daniel-naval,Daniel Naval,ROBOMASTER_VIDEO_10,1392,45.903000,E_daniel-naval/ROBOMASTER_VIDEO_10/images/frame_1392.jpg,126786,fea96b8805e87c996e317accf3ea03a55e29fdb4835753fcc1d899af12b4d30d
E_daniel-naval,Daniel Naval,ROBOMASTER_VIDEO_10,1416,46.695000,E_daniel-naval/ROBOMASTER_VIDEO_10/images/frame_1416.jpg,119699,308ee035390ef366fa8f7af3e2925aeabc221312dc577bd9383c7f814224aece
E_daniel-naval,Daniel Naval,ROBOMASTER_VIDEO_10,1440,47.487000,E_daniel-naval/ROBOMASTER_VIDEO_10/images/frame_1440.jpg,108834,10165f12b60ee05c611fb0d759ae1f11631a31438338efe898140eb4c419db37
E_daniel-naval,Daniel Naval,ROBOMASTER_VIDEO_10,1464,48.279000,E_daniel-naval/ROBOMASTER_VIDEO_10/images/frame_1464.jpg,121792,7fdf1e709b4a84a66655678ee63e5414db910541215d4ec51528aac627d53c4f
E_daniel-naval,Daniel Naval,ROBOMASTER_VIDEO_10,1488,49.071000,E_daniel-naval/ROBOMASTER_VIDEO_10/images/frame_1488.jpg,120043,244b59096a17dc26c6ec75b985cc64b520a0e4e0d61b8f940e329c699d36c5a5
E_daniel-naval,Daniel Naval,ROBOMASTER_VIDEO_10,1512,49.863000,E_daniel-naval/ROBOMASTER_VIDEO_10/images/frame_1512.jpg,135363,d83d0c4c17630dc81143685b7b59c0c3e25900d37e26321c5debc1b13c1b6d05
E_daniel-naval,Daniel Naval,ROBOMASTER_VIDEO_10,1536,50.655000,E_daniel-naval/ROBOMASTER_VIDEO_10/images/frame_1536.jpg,141392,4ab15fd8ff51c8169aa2f8d548ed28ce1949ef62341acfe0110e8c866d30afd2
E_daniel-naval,Daniel Naval,ROBOMASTER_VIDEO_10,1560,51.447000,E_daniel-naval/ROBOMASTER_VIDEO_10/images/frame_1560.jpg,143379,4fa043e9244cddf39e37dad30c3ce0d8a668e6bdaa9359d6b3474c0ec718ba59
E_daniel-naval,Daniel Naval,ROBOMASTER_VIDEO_10,1584,52.239000,E_daniel-naval/ROBOMASTER_VIDEO_10/images/frame_1584.jpg,169158,92cd9658cc29f7640c11430346ccc11709afa69f2897c8c28aa979c4355bc822
E_daniel-naval,Daniel Naval,ROBOMASTER_VIDEO_10,1608,53.031000,E_daniel-naval/ROBOMASTER_VIDEO_10/images/frame_1608.jpg,116427,9c52d5cbf6604c6b5bfe05dfab99c049caf7dd54c7b4b76a6faccf0baffcff25
E_daniel-naval,Daniel Naval,ROBOMASTER_VIDEO_10,1632,53.823000,E_daniel-naval/ROBOMASTER_VIDEO_10/images/frame_1632.jpg,116759,c076311bd055f7be20160315d31a0c5a54ad25143c4cd9ba9a1cafaaef1b3947
E_daniel-naval,Daniel Naval,ROBOMASTER_VIDEO_10,1656,54.615000,E_daniel-naval/ROBOMASTER_VIDEO_10/images/frame_1656.jpg,132302,398148b7487a60bb21d5bb7913755b069efd6966cb64b3f411e26a59d32afaf7
E_daniel-naval,Daniel Naval,ROBOMASTER_VIDEO_10,1680,55.407000,E_daniel-naval/ROBOMASTER_VIDEO_10/images/frame_1680.jpg,124738,bd3d8497c37d13b78e84216159dff23093988d1fb63d9d5cb55195595e3b3903
E_daniel-naval,Daniel Naval,ROBOMASTER_VIDEO_10,1704,56.199000,E_daniel-naval/ROBOMASTER_VIDEO_10/images/frame_1704.jpg,139115,bd17a91a6d3f889e103b173c851d7211b8b60d1fe31cd1a46361ea592ee69c76
E_daniel-naval,Daniel Naval,ROBOMASTER_VIDEO_10,1728,56.991000,E_daniel-naval/ROBOMASTER_VIDEO_10/images/frame_1728.jpg,159981,5980d7cd76a991605974fe25a667d59c4dc02051271f2b7cb55df43a2fc358f8
E_daniel-naval,Daniel Naval,ROBOMASTER_VIDEO_10,1752,57.783000,E_daniel-naval/ROBOMASTER_VIDEO_10/images/frame_1752.jpg,179777,992e604a9a29de654244976606c12d2335b4a3c37890b4cce7deeac665626cbf
E_daniel-naval,Daniel Naval,ROBOMASTER_VIDEO_10,1776,58.575000,E_daniel-naval/ROBOMASTER_VIDEO_10/images/frame_1776.jpg,180817,709e4a0150d99c240a08c37f94956f0238c544ece13a76578fe95333a82e50e2
E_daniel-naval,Daniel Naval,ROBOMASTER_VIDEO_10,1800,59.367000,E_daniel-naval/ROBOMASTER_VIDEO_10/images/frame_1800.jpg,189212,4983d3b1c8a6cd68270021e68dcdd62f795395469f7a9c9ef657d85ec1a35262
